time,open,high,low,close,volume
1999-04-05 07:00:00,3004.0,3025.0,2741.0,2770.0,53155202.0
1999-04-12 07:00:00,2758.0,2774.0,2530.0,2585.0,44149578.0
1999-04-19 07:00:00,2620.0,2690.0,2500.0,2649.0,28954717.0
1999-04-26 07:00:00,2632.0,2640.0,2405.0,2435.0,26655546.0
1999-05-03 07:00:00,2435.0,2488.0,2356.0,2362.0,21586621.0
1999-05-10 07:00:00,2362.0,2598.0,2335.0,2500.0,31965602.0
1999-05-17 07:00:00,2480.0,2548.0,2408.0,2511.0,23648075.0
1999-05-24 07:00:00,2546.0,2558.0,2396.0,2481.0,15913299.0
1999-05-31 07:00:00,2481.0,2481.0,2407.0,2452.0,11988535.0
1999-06-07 07:00:00,2452.0,2557.0,2423.0,2534.0,10985946.0
1999-06-14 07:00:00,2555.0,2555.0,2425.0,2520.0,18792719.0
1999-06-21 07:00:00,2522.0,2570.0,2479.0,2541.0,14199459.0
1999-06-28 07:00:00,2503.0,2538.0,2400.0,2475.0,12488757.0
1999-07-05 07:00:00,2496.0,2496.0,2399.0,2402.0,14270425.0
1999-07-12 07:00:00,2414.0,2424.0,2236.0,2287.0,18185119.0
1999-07-19 07:00:00,2348.0,2348.0,2235.0,2241.0,14626679.0
1999-07-26 07:00:00,2258.0,2385.0,2233.0,2300.0,13713076.0
1999-08-02 07:00:00,2265.0,2359.0,2200.0,2241.0,17030547.0
1999-08-09 07:00:00,2238.0,2306.0,2200.0,2297.0,8381930.0
1999-08-16 07:00:00,2311.0,2442.0,2217.0,2429.0,16920879.0
1999-08-23 07:00:00,2423.0,2588.0,2412.0,2511.0,20320097.0
1999-08-30 07:00:00,2511.0,2511.0,2351.0,2484.0,11263616.0
1999-09-06 07:00:00,2474.0,2526.0,2422.0,2427.0,14076411.0
1999-09-13 07:00:00,2418.0,2504.0,2377.0,2500.0,26668450.0
1999-09-20 07:00:00,2525.0,2686.0,2450.0,2539.0,26069006.0
1999-09-27 07:00:00,2528.0,2608.0,2502.0,2525.0,15328328.0
1999-10-04 07:00:00,2460.0,2797.0,2420.0,2760.0,22323410.0
1999-10-11 07:00:00,2766.0,2857.0,2713.0,2737.0,34701065.0
1999-10-18 07:00:00,2700.0,2883.0,2667.0,2823.0,19626863.0
1999-10-25 07:00:00,2838.0,2841.0,2732.0,2750.0,18944219.0
1999-11-01 08:00:00,2753.0,2886.0,2674.0,2814.0,15147464.0
1999-11-08 08:00:00,2800.0,2948.0,2783.0,2896.0,14195322.0
1999-11-15 08:00:00,2900.0,2915.0,2760.0,2792.0,16232346.0
1999-11-22 08:00:00,2771.0,2950.0,2746.0,2914.0,13416491.0
1999-11-29 08:00:00,2860.0,2944.0,2708.0,2725.0,23481583.0
1999-12-06 08:00:00,2850.0,2850.0,2511.0,2715.0,26068028.0
1999-12-13 08:00:00,2685.0,2733.0,2502.0,2560.0,18476819.0
1999-12-20 08:00:00,2596.0,2596.0,2446.0,2556.0,9129263.0
1999-12-27 08:00:00,2550.0,2650.0,2497.0,2568.0,1332176.0
2000-01-03 08:00:00,2565.0,2570.0001,2375.0,2458.0,14248434.0
2000-01-10 08:00:00,2500.0,2568.0,2463.9999,2525.0,21553610.0
2000-01-17 08:00:00,2527.0,2545.75,2312.9999,2348.0,18639104.0
2000-01-24 08:00:00,2357.0,2554.9999,2263.9999,2320.9999,14160078.0
2000-01-31 08:00:00,2320.0001,2441.0,2235.0,2257.0,19991477.0
2000-02-07 08:00:00,2250.0,2354.9999,2160.0,2218.0,21584215.0
2000-02-14 08:00:00,2229.9999,2240.0,2135.0,2152.0,13115782.0
2000-02-21 08:00:00,2116.0,2212.0001,1910.0,2116.0,30084246.0
2000-02-28 08:00:00,2115.0,2240.0,1840.0,2194.0001,25802539.0
2000-03-06 08:00:00,2200.0,2505.9999,2154.9999,2486.0001,25937058.0
2000-03-13 08:00:00,2515.0,2755.9999,2460.0,2580.9999,24724838.0
2000-03-20 08:00:00,2600.0,2832.0,2550.0,2791.0,18968405.0
2000-03-27 07:00:00,2795.0001,2800.0,2470.0001,2538.9999,21627780.0
2000-04-03 07:00:00,2550.0,2804.0001,2504.0001,2773.0,15593170.0
2000-04-10 07:00:00,2751.4999,2875.0,2637.9999,2769.0001,22579115.0
2000-04-17 07:00:00,2700.0,2885.0,2629.9999,2837.9999,12705624.0
2000-04-24 07:00:00,2857.0,2871.9999,2602.0,2688.9999,16782538.0
2000-05-01 07:00:00,2720.0001,2720.0001,2552.0,2615.0,10756346.0
2000-05-08 07:00:00,2650.0,2879.9999,2650.0,2873.0,20341928.0
2000-05-15 07:00:00,2804.0001,2911.0001,2679.9999,2779.9999,22332677.0
2000-05-22 07:00:00,2744.0001,2875.0,2716.0,2796.9999,23802487.0
2000-05-29 07:00:00,2784.0,2928.0001,2753.0001,2830.9999,15503433.0
2000-06-05 07:00:00,2800.0,2896.9999,2592.0,2729.9999,26502329.0
2000-06-12 07:00:00,2745.9999,2815.0,2709.0,2780.9999,12945991.0
2000-06-19 07:00:00,2770.0001,2967.0,2770.0001,2920.0001,18397386.0
2000-06-26 07:00:00,2937.0001,3093.0,2825.0,3085.0,19761896.0
2000-07-03 07:00:00,3085.0,3166.0,3008.0,3146.9999,23253012.0
2000-07-10 07:00:00,3140.0,3211.9999,2999.7499,3019.0001,23260297.0
2000-07-17 07:00:00,3000.0,3010.0,2778.0001,2850.0,23173099.0
2000-07-24 07:00:00,2896.9999,3000.0,2820.0001,2945.0001,14476224.0
2000-07-31 07:00:00,2972.5,3054.9999,2828.2499,3003.0001,19957515.0
2000-08-07 07:00:00,3000.0,3029.9999,2825.0,2898.0,13357894.0
2000-08-14 07:00:00,2950.0,3085.0,2725.0,3070.0001,13202861.0
2000-08-21 07:00:00,3050.0,3173.0,2999.0,3160.0,9690635.0
2000-08-28 07:00:00,3148.0,3195.0001,3059.0,3185.0,11697404.0
2000-09-04 07:00:00,3195.0001,3220.9999,3054.0001,3149.0,12356388.0
2000-09-11 07:00:00,3145.0001,3341.9998,3020.9999,3259.9998,14474613.0
2000-09-18 07:00:00,3227.9999,3481.0001,3211.9999,3479.9999,21378875.0
2000-09-25 07:00:00,3500.0,3634.0,3359.9998,3543.9999,25145080.0
2000-10-02 07:00:00,3572.0001,3577.0,3395.0001,3570.0001,18574382.0
2000-10-09 07:00:00,3574.0002,3574.0002,3302.0,3557.0,25346807.0
2000-10-16 07:00:00,3565.0002,3565.0002,3209.9998,3209.9998,32284301.0
2000-10-23 07:00:00,3232.0,3385.0498,3065.0,3209.9998,22636506.0
2000-10-30 08:00:00,3350.0,3379.9999,3060.0,3160.0,16073839.0
2000-11-06 08:00:00,3209.9998,3447.0001,3004.9999,3384.9998,14848670.0
2000-11-13 08:00:00,3384.9998,3418.0,3170.9999,3332.0,23795456.0
2000-11-20 08:00:00,3348.0,3384.0,3241.0,3379.9999,11342303.0
2000-11-27 08:00:00,3340.0002,3604.9999,3333.0002,3459.9998,24362825.0
2000-12-04 08:00:00,3459.9998,3500.0,3182.0,3216.0,20571437.0
2000-12-11 08:00:00,3250.0,3411.0001,3190.0,3379.9999,26909771.0
2000-12-18 08:00:00,3400.0,3479.9999,3324.0002,3324.0002,16957085.0
2000-12-25 08:00:00,3298.0,3440.0002,3232.0,3375.0,4762279.0
2001-01-02 08:00:00,3348.0,3418.0,3010.0,3129.9999,21516915.0
2001-01-08 08:00:00,3150.0,3185.0,3050.0,3087.0001,22639282.0
2001-01-15 08:00:00,3107.0,3234.9998,3000.0,3000.0,23385302.0
2001-01-22 08:00:00,3000.0,3079.0001,3000.0,3050.0,15003672.0
2001-01-29 08:00:00,3050.0,3129.0001,2965.0,3129.0001,21755548.0
2001-02-05 08:00:00,3120.0001,3136.0001,2869.0001,3000.0,26293961.0
2001-02-12 08:00:00,3010.0,3109.0,2910.0,2936.0001,32026815.0
2001-02-19 08:00:00,2940.0,3170.0001,2878.0001,3109.0,21861400.0
2001-02-26 08:00:00,3098.0,3248.0,3058.0,3208.0002,21054494.0
2001-03-05 08:00:00,3207.0,3207.0,3026.0,3120.0001,18234722.0
2001-03-12 08:00:00,3120.0001,3209.0,2975.0,3165.0,21381907.0
2001-03-19 08:00:00,3168.0,3283.0002,3060.0,3150.0,29367210.0
2001-03-26 07:00:00,3150.0,3386.0001,3150.0,3359.9998,24334816.0
2001-04-02 07:00:00,3377.0,3400.0,3224.0002,3359.9998,22980832.0
2001-04-09 07:00:00,3379.9999,3500.0,3220.0001,3295.0001,26773348.0
2001-04-17 07:00:00,3320.0001,3395.0001,3216.0,3240.0002,21226196.0
2001-04-23 07:00:00,3250.0,3332.0,3155.9999,3300.9998,17670064.0
2001-04-30 07:00:00,3291.0,3325.9998,3144.0001,3200.0,16954474.0
2001-05-08 07:00:00,3218.9999,3341.0,3179.9999,3284.0,14629675.0
2001-05-14 07:00:00,3288.9999,3491.9998,3149.0,3448.0,21634890.0
2001-05-21 07:00:00,3429.9999,3483.0002,3356.0001,3381.0001,17480047.0
2001-05-29 07:00:00,3340.0002,3386.0001,3268.9999,3379.9999,13816224.0
2001-06-04 07:00:00,3393.9999,3563.9999,3390.0002,3554.9999,13098590.0
2001-06-11 07:00:00,3500.0,3554.9999,3434.9998,3490.0002,23522914.0
2001-06-18 07:00:00,3479.9999,3520.0001,3388.9999,3425.0,15277211.0
2001-06-25 07:00:00,3381.0001,3434.9998,3270.0001,3313.0001,30569609.0
2001-07-02 07:00:00,3300.0,3311.9999,3225.9998,3295.0001,15366242.0
2001-07-09 07:00:00,3284.9998,3386.9999,3243.9999,3379.9999,15351889.0
2001-07-16 07:00:00,3379.9999,3515.0002,3318.0,3504.9999,26907921.0
2001-07-23 07:00:00,3500.0,3509.9998,3234.9998,3429.9999,25185243.0
2001-07-30 07:00:00,3400.0,3550.0,3391.0,3490.0002,15514699.0
2001-08-06 07:00:00,3488.9999,3540.0002,3325.9998,3400.0,20916633.0
2001-08-13 07:00:00,3390.0002,3404.9999,3174.0,3211.9999,17927406.0
2001-08-20 07:00:00,3216.9998,3366.9998,3190.0,3268.0,16802919.0
2001-08-28 07:00:00,3279.9999,3350.0,3254.9999,3327.0,18959994.0
2001-09-03 07:00:00,3320.0001,3354.0001,3082.0,3137.9999,22408539.0
2001-09-10 07:00:00,3098.0,3250.0,2794.0001,3026.0,29670449.0
2001-09-17 07:00:00,2988.9999,3177.0,2724.0,2912.9999,24014876.0
2001-09-24 07:00:00,2930.9999,3198.0,2880.9999,3165.0,32706205.0
2001-10-01 07:00:00,3129.9999,3200.0,3062.0001,3175.0,30873310.0
2001-10-08 07:00:00,3163.9999,3293.0,3071.9999,3204.0001,25385026.0
2001-10-15 07:00:00,3200.0,3300.9998,3132.0,3234.0,19294974.0
2001-10-22 07:00:00,3268.9999,3290.0002,3100.0,3149.0,20781812.0
2001-10-29 08:00:00,3134.0,3218.0,3010.0,3211.9999,20055013.0
2001-11-05 08:00:00,3198.0,3304.9999,3198.0,3254.0001,21008908.0
2001-11-12 08:00:00,3220.0001,3259.0,3125.0,3209.9998,18962210.0
2001-11-19 08:00:00,3209.9998,3290.0002,3133.0,3222.0001,24647082.0
2001-11-26 08:00:00,3243.9999,3252.0,3088.9999,3135.0,18534585.0
2001-12-03 08:00:00,3093.0,3224.0002,3053.0001,3160.0,24028862.0
2001-12-10 08:00:00,3179.0001,3209.9998,3003.0001,3046.9999,27038294.0
2001-12-17 08:00:00,3010.0,3113.9999,2993.0,3100.0,22583719.0
2001-12-24 08:00:00,3098.0,3144.0001,3058.0,3138.9999,3216270.0
2001-12-31 08:00:00,3170.0,3175.0,3065.0,3098.0,10592125.0
2002-01-07 08:00:00,3140.0,3153.0,3040.0,3115.0,21517187.0
2002-01-14 08:00:00,3111.0,3133.0,3052.0,3125.0,16443549.0
2002-01-21 08:00:00,3129.9999,3260.0,3111.0001,3141.0,20205858.0
2002-01-28 08:00:00,3121.9999,3360.0,3045.9999,3331.0,30615002.0
2002-02-04 08:00:00,3323.0,3425.0,3290.0,3380.0,27875536.0
2002-02-11 08:00:00,3385.0,3554.0,3362.0,3540.0,23189027.0
2002-02-18 08:00:00,3500.0,3535.0,3402.0,3519.0,22383987.0
2002-02-25 08:00:00,3527.0,3640.0,3501.0,3625.0,23787477.0
2002-03-04 08:00:00,3633.0,3645.0,3438.0,3501.0,26949256.0
2002-03-11 08:00:00,3486.0,3569.0,3427.0,3472.0,22531028.0
2002-03-18 08:00:00,3458.6001,3498.0,3380.0,3450.0,18530430.0
2002-03-25 08:00:00,3475.0,3502.0,3387.0,3487.0,12614198.0
2002-04-02 07:00:00,3518.0,3518.0,3400.0,3457.0,12765910.0
2002-04-08 07:00:00,3457.0,3622.0,3385.0,3556.0,29300780.0
2002-04-15 07:00:00,3550.0,3597.0,3356.0,3425.0,26725404.0
2002-04-22 07:00:00,3425.0,3555.0,3250.0,3360.0,42663441.0
2002-04-29 07:00:00,3359.0,3367.0,3157.0,3168.0,31353614.0
2002-05-07 07:00:00,3125.0,3180.0,3090.0,3118.0,18745583.0
2002-05-13 07:00:00,3089.0,3259.0,3060.0,3197.0,29833755.0
2002-05-20 07:00:00,3237.0,3264.0,3110.0,3125.0,21553825.0
2002-05-27 07:00:00,3128.0,3128.0,2940.0,3006.0,28552004.0
2002-06-05 07:00:00,2950.0,3095.0,2764.0,2810.0,25012595.0
2002-06-10 07:00:00,2844.0,2939.0,2612.0,2760.0,31981645.0
2002-06-17 07:00:00,2770.0,2907.0,2583.0,2690.0,28100554.0
2002-06-24 07:00:00,2692.0,2790.0,2575.0,2716.0,35091530.0
2002-07-01 07:00:00,2669.0,2720.0,2425.0,2600.0,29427276.0
2002-07-08 07:00:00,2574.0,2712.0,2323.0,2370.0,37402086.0
2002-07-15 07:00:00,2396.0,2407.0,2069.0,2155.0,39363589.0
2002-07-22 07:00:00,2138.0,2179.0,1880.0,2173.0,44121789.0
2002-07-29 07:00:00,2191.0,2390.0,2160.0,2375.0,29270179.0
2002-08-05 07:00:00,2390.0,2407.0,2135.0,2406.0,43272481.0
2002-08-12 07:00:00,2339.0,2445.0,2264.0,2370.0,30035323.0
2002-08-19 07:00:00,2369.0,2425.0,1913.0,1973.0,62772936.0
2002-08-27 07:00:00,1981.0,2000.0,1811.0,1822.0,25845180.0
2002-09-02 07:00:00,1823.0,2051.0,1823.0,2010.0,42594002.0
2002-09-09 07:00:00,1985.0,2080.0,1933.0,1978.0,31295695.0
2002-09-16 07:00:00,1984.0,2069.0,1846.0,1946.0,47030378.0
2002-09-23 07:00:00,1915.0,2058.0,1772.0,2045.0,51666240.0
2002-09-30 07:00:00,2000.0,2173.0,1881.0,2057.0,35918563.0
2002-10-07 07:00:00,2034.0,2085.0,1927.0,2068.0,26466205.0
2002-10-14 07:00:00,2366.0,2448.0,2253.0,2376.0,58185143.0
2002-10-21 07:00:00,2390.0,2397.0,2225.0,2365.0,34412445.0
2002-10-28 08:00:00,2400.0,2428.0,2255.0,2259.0,28048771.0
2002-11-04 08:00:00,2259.0,2505.0,2207.0,2465.0,65635226.0
2002-11-11 08:00:00,2479.0,2543.0,2433.0,2518.0,37212076.0
2002-11-18 08:00:00,2501.0,2572.0,2446.0,2477.0,34003131.0
2002-11-25 08:00:00,2475.0,2497.0,2410.0,2446.0,21507207.0
2002-12-02 08:00:00,2450.0,2457.0,2276.0,2308.0,29387626.0
2002-12-09 08:00:00,2275.0,2338.0,2237.0,2306.0,26397650.0
2002-12-16 08:00:00,2280.0,2322.0,2148.0,2228.0,29876686.0
2002-12-23 08:00:00,2228.0,2316.0,2176.0,2194.0,5971200.0
2002-12-30 08:00:00,2166.0,2220.0,2157.0,2187.0,12762389.0
2003-01-06 08:00:00,2198.0,2220.0,1985.0,2105.0,38656582.0
2003-01-13 08:00:00,2130.0,2137.0,2050.0,2057.0,23316694.0
2003-01-20 08:00:00,2060.0,2083.0,1893.0,1899.0,31049074.0
2003-01-27 08:00:00,1871.0,2100.0,1800.0,2055.0,66933726.0
2003-02-03 08:00:00,2086.0,2110.0,2008.0,2056.0,29437720.0
2003-02-10 08:00:00,2057.0,2158.0,2035.0,2103.0,25607276.0
2003-02-17 08:00:00,2160.0,2220.0,2099.0,2182.0,21516544.0
2003-02-24 08:00:00,2169.0,2185.0,1955.0,2048.0,33150010.0
2003-03-03 08:00:00,2055.0,2096.0,1975.0,2003.0,25956632.0
2003-03-10 08:00:00,1976.0,2026.0,1801.0,1998.0,43533919.0
2003-03-17 08:00:00,1974.0,2296.0,1938.0,2262.0,43973115.0
2003-03-24 08:00:00,2250.0,2285.0,2117.0,2199.0,30941348.0
2003-03-31 07:00:00,2203.0,2287.0,2133.0,2232.0,38416545.0
2003-04-07 07:00:00,2263.0,2355.0,2179.0,2185.0,27550323.0
2003-04-14 07:00:00,2193.0,2347.0,2169.0,2213.0,20516487.0
2003-04-22 07:00:00,2240.0,2402.0,2196.0,2381.0,23301215.0
2003-04-28 07:00:00,2375.0,2520.0,2355.0,2508.0,49358352.0
2003-05-05 07:00:00,2635.0,2645.0,2450.0,2490.0,43484404.0
2003-05-12 07:00:00,2505.0,2695.0,2481.0,2676.0,33438959.0
2003-05-19 07:00:00,2656.0,2676.0,2437.0,2468.0,39467436.0
2003-05-26 07:00:00,2489.0,2564.0,2425.0,2473.0,19753087.0
2003-06-02 07:00:00,2510.0,2695.0,2443.0,2694.0,37089689.0
2003-06-09 07:00:00,2662.0,2690.0,2608.0,2630.0,25999639.0
2003-06-16 07:00:00,2610.0,2699.0,2565.0,2565.0,36225225.0
2003-06-23 07:00:00,2557.0,2559.0,2439.0,2482.0,33063417.0
2003-06-30 07:00:00,2460.0,2518.0,2370.0,2488.0,31414023.0
2003-07-07 07:00:00,2512.0,2580.0,2437.0,2540.0,53469871.0
2003-07-14 07:00:00,2561.0,2568.0,2406.0,2430.0,41201975.0
2003-07-21 07:00:00,2460.0,2625.0,2392.0,2494.0,22920727.0
2003-07-28 07:00:00,2501.0,2525.0,2408.0,2430.0,26419755.0
2003-08-04 07:00:00,2440.0,2496.0,2360.0,2490.0,25921378.0
2003-08-11 07:00:00,2498.0,2642.0,2444.0,2593.0,26127403.0
2003-08-18 07:00:00,2586.0,2600.0,2396.0,2402.0,34953650.0
2003-08-25 07:00:00,2400.0,2565.0,2400.0,2430.0,25008455.0
2003-09-01 07:00:00,2470.0,2666.0,2470.0,2650.0,29838119.0
2003-09-08 07:00:00,2648.0,2698.0,2618.0,2657.0,29436209.0
2003-09-15 07:00:00,2663.0,2683.0,2610.0,2644.0,24172220.0
2003-09-22 07:00:00,2635.0,2644.0,2518.0,2552.0,27597367.0
2003-09-29 07:00:00,2558.0,2712.0,2529.0,2712.0,37747787.0
2003-10-06 07:00:00,2708.0,2732.0,2580.0,2689.0,23376839.0
2003-10-13 07:00:00,2678.0,2775.0,2670.0,2770.0,27031628.0
2003-10-20 07:00:00,2775.0,2880.0,2688.0,2830.0,51280134.0
2003-10-27 08:00:00,2880.0,2894.0,2767.0,2768.0,30173370.0
2003-11-03 08:00:00,2756.0,2810.0,2697.0,2767.0,36275981.0
2003-11-10 08:00:00,2730.0,2859.0,2675.0,2845.0,44656635.0
2003-11-17 08:00:00,2802.0,2825.0,2660.0,2690.0,35255449.0
2003-11-24 08:00:00,2700.0,2729.0,2623.0,2639.0,27289582.0
2003-12-01 08:00:00,2660.0,2704.0,2600.0,2666.0,31043774.0
2003-12-08 08:00:00,2660.0,2699.0,2562.0,2570.0,29817996.0
2003-12-15 08:00:00,2598.0,2653.0,2530.0,2625.0,38256063.0
2003-12-22 08:00:00,2623.0,2715.0,2623.0,2663.0,6467229.0
2003-12-29 08:00:00,2663.0,2716.0,2660.0,2710.0,7052773.0
2004-01-05 08:00:00,2700.0,2709.0,2577.0,2605.0,29106904.0
2004-01-12 08:00:00,2614.0,2616.0,2490.0,2555.0,32786849.0
2004-01-19 08:00:00,2549.0,2688.0,2549.0,2635.0,39575693.0
2004-01-26 08:00:00,2660.0,2713.0,2586.0,2602.0,42373496.0
2004-02-02 08:00:00,2605.0,2666.0,2586.0,2635.0,25952367.0
2004-02-09 08:00:00,2649.0,2661.0,2530.0,2600.0,61638998.0
2004-02-16 08:00:00,2610.0,2610.0,2522.0,2543.0,39185906.0
2004-02-23 08:00:00,2559.0,2604.0,2516.0,2552.0,48917433.0
2004-03-01 08:00:00,2584.0,2689.0,2567.0,2659.0,33205582.0
2004-03-08 08:00:00,2678.0,2773.0,2574.0,2687.0,47978967.0
2004-03-15 08:00:00,2689.0,2691.0,2595.0,2600.0,30868665.0
2004-03-22 08:00:00,2599.0,2599.0,2507.0,2516.0,33787829.0
2004-03-29 07:00:00,2526.0,2575.0,2515.0,2554.0,20990076.0
2004-04-05 07:00:00,2552.0,2640.0,2540.0,2596.0,19380653.0
2004-04-13 07:00:00,2629.0,2729.0,2570.0,2677.0,23954763.0
2004-04-19 07:00:00,2684.0,2700.0,2608.0,2655.0,21112926.0
2004-04-26 07:00:00,2641.0,2678.0,2496.0,2637.0,39261439.0
2004-05-04 07:00:00,2645.0,2716.0,2630.0,2667.0,26055544.0
2004-05-10 07:00:00,2664.0,2680.0,2617.0,2667.0,23178195.0
2004-05-17 07:00:00,2628.0,2684.0,2566.0,2573.0,36999686.0
2004-05-24 07:00:00,2572.0,2620.0,2541.0,2541.0,27231083.0
2004-06-01 07:00:00,2554.0,2582.0,2522.0,2580.0,16703603.0
2004-06-07 07:00:00,2597.0,2630.0,2534.0,2557.0,22814939.0
2004-06-14 07:00:00,2560.0,2595.0,2519.0,2565.0,25586550.0
2004-06-21 07:00:00,2555.0,2615.0,2495.0,2501.0,32124185.0
2004-06-28 07:00:00,2495.0,2527.0,2440.0,2482.0,30748345.0
2004-07-05 07:00:00,2494.0,2494.0,2357.0,2366.0,36070487.0
2004-07-12 07:00:00,2368.0,2375.0,2266.0,2294.0,45007666.0
2004-07-19 07:00:00,2297.0,2436.0,2269.0,2411.0,47616382.0
2004-07-26 07:00:00,2416.0,2483.0,2375.0,2461.0,30963207.0
2004-08-02 07:00:00,2456.0,2476.0,2386.0,2386.0,26696252.0
2004-08-09 07:00:00,2380.0,2432.0,2359.0,2406.0,28270835.0
2004-08-16 07:00:00,2381.0,2440.0,2375.0,2437.0,21396834.0
2004-08-23 07:00:00,2450.0,2550.0,2442.0,2548.0,19530752.0
2004-08-31 07:00:00,2540.0,2630.0,2528.0,2626.0,22108857.0
2004-09-06 07:00:00,2620.0,2665.0,2445.0,2450.0,81935576.0
2004-09-13 07:00:00,2299.0,2367.0,2279.0,2333.0,81698983.0
2004-09-20 07:00:00,2325.0,2393.0,2313.0,2345.0,35771210.0
2004-09-27 07:00:00,2341.0,2351.0,2265.0,2290.0,50117580.0
2004-10-04 07:00:00,2297.0,2307.0,2132.0,2165.0,70064772.0
2004-10-11 07:00:00,2151.0,2189.0,2088.0,2103.0,33568415.0
2004-10-18 07:00:00,2102.0,2245.0,2102.0,2197.0,56647467.0
2004-10-25 07:00:00,2179.0,2243.0,2157.0,2232.52,22494072.0
2004-11-01 08:00:00,2239.0,2339.0,2222.0,2323.0,37070921.0
2004-11-08 08:00:00,2328.0,2350.0,2298.0,2316.0,22367099.0
2004-11-15 08:00:00,2325.0,2398.0,2120.0,2150.0,98615915.0
2004-11-22 08:00:00,2124.0,2174.0,2055.0,2069.5339,51283355.0
2004-11-29 08:00:00,2080.0,2144.0,2043.0,2090.0,33612983.0
2004-12-06 08:00:00,2076.0,2142.0,2053.0,2106.0,39571247.0
2004-12-13 08:00:00,2090.0,2098.0,1867.0,1886.0,83909814.0
2004-12-20 08:00:00,1892.0,1927.0,1840.0,1851.46,46364111.0
2004-12-29 08:00:00,1880.0,1900.0,1862.0,1889.0,12418390.0
2005-01-04 08:00:00,1912.0,1953.0,1878.0,1938.0,34883251.0
2005-01-10 08:00:00,1935.0,1946.0,1890.0,1900.0,43400037.0
2005-01-17 08:00:00,1905.0,1907.0,1864.0,1878.0,39547454.0
2005-01-24 08:00:00,1879.0,2008.0,1849.0,1995.0,89853321.0
2005-01-31 08:00:00,2003.0,2087.0,1987.0,2072.0,63693581.0
2005-02-07 08:00:00,2089.0,2120.0,2060.0,2102.0,53450993.0
2005-02-14 08:00:00,2100.0,2104.0,2052.0,2075.0,35900596.0
2005-02-21 08:00:00,2110.0,2183.0,2073.0,2087.0,58747633.0
2005-02-28 08:00:00,2092.0,2181.0,2040.0,2160.0,60108149.0
2005-03-07 08:00:00,2169.0,2190.0,2130.0,2189.0,30195327.0
2005-03-14 08:00:00,2178.0,2218.0,2120.0,2120.0,36502444.0
2005-03-21 08:00:00,2131.0,2157.0,2104.0,2132.0,51496724.0
2005-03-29 07:00:00,2130.0,2131.0,2071.0,2098.0,24898694.0
2005-04-04 07:00:00,2097.0,2191.0,2076.0,2183.0,36796404.0
2005-04-11 07:00:00,2182.0,2304.0,2161.0,2284.0,45739442.0
2005-04-18 07:00:00,2278.0,2287.0,2232.0,2261.0,30000509.0
2005-04-25 07:00:00,2264.0,2365.0,2247.0,2281.0,37850028.0
2005-05-03 07:00:00,2311.0,2374.0,2295.0,2352.0,25986068.0
2005-05-09 07:00:00,2349.0,2354.0,2275.0,2302.0,35761413.0
2005-05-16 07:00:00,2303.0,2379.0,2299.0,2330.0,33666614.0
2005-05-23 07:00:00,2322.0,2351.0,2301.0,2345.0,27497404.0
2005-05-31 07:00:00,2361.0,2361.0,2316.0,2328.3,20539520.0
2005-06-06 07:00:00,2328.0,2339.0,2275.0,2309.0,32506120.0
2005-06-13 07:00:00,2310.0,2321.0,2230.0,2270.0,41774489.0
2005-06-20 07:00:00,2254.0,2317.0,2235.0,2251.0,28928824.0
2005-06-27 07:00:00,2243.0,2336.0,2221.0,2311.0,29035877.0
2005-07-04 07:00:00,2322.0,2379.0,2254.0,2376.0,31148423.0
2005-07-11 07:00:00,2395.0,2413.0,2354.0,2379.0,25288753.0
2005-07-18 07:00:00,2379.0,2394.0,2315.0,2342.0,40885944.0
2005-07-25 07:00:00,2349.0,2605.0,2319.0,2558.0,61413473.0
2005-08-01 07:00:00,2562.0,2630.0,2551.0,2609.0,39371965.0
2005-08-08 07:00:00,2612.0,2612.0,2568.0,2584.0,29832291.0
2005-08-15 07:00:00,2577.0,2618.0,2557.0,2563.0,30501248.0
2005-08-22 07:00:00,2551.0,2582.0,2478.0,2479.0,30584163.0
2005-08-30 07:00:00,2504.0,2611.0,2501.0,2608.0,25015780.0
2005-09-05 07:00:00,2613.0,2677.0,2585.0,2653.0,28101954.0
2005-09-12 07:00:00,2653.0,2677.0,2624.0,2625.0,29477621.0
2005-09-19 07:00:00,2625.0,2647.0,2560.0,2622.0,27748402.0
2005-09-26 07:00:00,2643.0,2705.0,2612.0,2635.0,45543710.0
2005-10-03 07:00:00,2649.0,2768.0,2639.0,2767.0,30825874.0
2005-10-10 07:00:00,2777.0,2878.0,2667.0,2690.0,29492046.0
2005-10-17 07:00:00,2690.0,2690.0,2560.0,2596.0,43368928.0
2005-10-24 07:00:00,2596.0,2637.0,2455.0,2485.0,51728251.0
2005-10-31 08:00:00,2487.0,2610.0,2485.0,2610.0,38318774.0
2005-11-07 08:00:00,2601.0,2642.0,2529.0,2584.0,43868837.0
2005-11-14 08:00:00,2589.0,2635.0,2543.0,2615.0,38335339.0
2005-11-21 08:00:00,2639.0,2700.0,2586.0,2681.0,32911725.0
2005-11-28 08:00:00,2679.0,2723.0,2657.0,2723.0,30100475.0
2005-12-05 08:00:00,2733.0,2749.0,2666.0,2724.0,38250541.0
2005-12-12 08:00:00,2738.0,2775.0,2704.0,2747.0,32836174.0
2005-12-19 08:00:00,2820.0,2865.0,2753.0,2795.0,26619172.0
2005-12-28 08:00:00,2800.0,2864.0,2800.0,2829.0,13262292.0
2006-01-03 08:00:00,2850.0,2915.0,2839.0,2900.0,19126098.0
2006-01-09 08:00:00,2915.0,2915.0,2794.0,2815.0,49383977.0
2006-01-16 08:00:00,2804.0,2832.0,2661.0,2672.0,44962888.0
2006-01-23 08:00:00,2679.0,2722.0,2603.0,2721.0,35607475.0
2006-01-30 08:00:00,2707.0,2761.0,2625.0,2655.0,58347658.0
2006-02-06 08:00:00,2655.0,2696.0,2615.0,2639.0,43348532.0
2006-02-13 08:00:00,2651.0,2651.0,2500.0,2584.0,42321339.0
2006-02-20 08:00:00,2590.0,2665.0,2568.0,2639.0,32834854.0
2006-02-27 08:00:00,2634.0,2685.0,2616.0,2639.0,36592987.0
2006-03-06 08:00:00,2650.0,2879.0,2633.0,2879.0,84318905.0
2006-03-13 08:00:00,2925.0,2977.0,2859.0,2901.0,69806562.0
2006-03-20 08:00:00,2909.0,2976.0,2869.0,2975.0,28437345.0
2006-03-27 07:00:00,2957.0,2984.0,2885.0,2900.0,37362416.0
2006-04-03 07:00:00,2900.0,2959.0,2877.0,2939.0,39287101.0
2006-04-10 07:00:00,2926.0,2947.0,2904.0,2940.0,24623148.0
2006-04-18 07:00:00,2915.0,3035.0,2915.0,3033.0,31253296.0
2006-04-24 07:00:00,3006.0,3077.0,2965.0,3030.0,41660986.0
2006-05-02 07:00:00,3024.0,3029.0,2917.0,2930.0,32673342.0
2006-05-08 07:00:00,2926.0,2967.0,2854.0,2857.0,29659945.0
2006-05-15 07:00:00,2836.0,2925.0,2783.0,2801.0,48942274.0
2006-05-22 07:00:00,2807.0,2854.0,2745.0,2849.0,32247088.0
2006-05-30 07:00:00,2847.0,2903.0,2745.0,2896.0,29703121.0
2006-06-05 07:00:00,2891.0,2928.0,2816.0,2909.0,37267525.0
2006-06-12 07:00:00,2908.0,3120.0,2884.0,3032.0,69965938.0
2006-06-19 07:00:00,3049.0,3154.0,3033.0,3122.0,35471812.0
2006-06-26 07:00:00,3130.0,3289.0,3073.0,3264.0,38857275.0
2006-07-03 07:00:00,3254.0,3271.0,3174.0,3243.0,28804670.0
2006-07-10 07:00:00,3259.0,3292.0,3119.0,3123.0,28131724.0
2006-07-17 07:00:00,3117.0,3213.0,3085.0,3193.0,29647107.0
2006-07-24 07:00:00,3224.0,3351.0,3104.0,3258.0,47361770.0
2006-07-31 07:00:00,3258.0,3295.0,3157.0,3217.0,34507567.0
2006-08-07 07:00:00,3183.0,3238.0,3154.0,3195.0,31859221.0
2006-08-14 07:00:00,3201.0,3330.0,3200.0,3320.0,28381314.0
2006-08-21 07:00:00,3320.0,3352.0,3304.0,3331.0,23566148.0
2006-08-29 07:00:00,3349.0,3444.0,3340.0,3435.0,23859550.0
2006-09-04 07:00:00,3436.0,3446.0,3276.0,3300.0,28987443.0
2006-09-11 07:00:00,3273.0,3368.0,3266.0,3295.0,26958877.0
2006-09-18 07:00:00,3323.0,3357.0,3282.0,3324.0,21131236.0
2006-09-25 07:00:00,3332.0,3369.0,3296.0,3338.0,26447961.0
2006-10-02 07:00:00,3356.0,3378.0,3294.0,3300.0,29460308.0
2006-10-09 07:00:00,3305.0,3360.0,3280.0,3353.0,34071295.0
2006-10-16 07:00:00,3344.0,3530.0,3337.0,3504.0,34014708.0
2006-10-23 07:00:00,3507.0,3529.0,3106.0,3139.0,69983526.0
2006-10-30 08:00:00,3117.0,3218.0,3089.0,3190.0,49521677.0
2006-11-06 08:00:00,3161.0,3240.0,2978.0,3010.0,52702741.0
2006-11-13 08:00:00,3018.0,3102.0,3005.0,3035.0,29208275.0
2006-11-20 08:00:00,3040.0,3042.0,2960.0,2973.0,42858198.0
2006-11-27 08:00:00,2965.0,3038.0,2850.0,2890.0,58591702.0
2006-12-04 08:00:00,2922.0,2945.0,2849.0,2914.0,46016791.0
2006-12-11 08:00:00,2904.0,2936.0,2866.0,2871.0,50383763.0
2006-12-18 08:00:00,2873.0,2899.0,2702.0,2737.0,48619496.0
2006-12-27 08:00:00,2714.0,2757.0,2714.0,2744.0,14082809.0
2007-01-02 08:00:00,2754.0,2896.0,2733.0,2858.0,36399426.0
2007-01-08 08:00:00,2880.0,2897.0,2780.0,2873.0,47290891.0
2007-01-15 08:00:00,2889.0,2936.0,2853.0,2890.0,34604087.0
2007-01-22 08:00:00,2881.0,2896.0,2789.0,2804.0,39004157.0
2007-01-29 08:00:00,2796.0,2968.0,2772.0,2935.0,52114766.0
2007-02-05 08:00:00,2934.0,2991.0,2910.0,2923.0,37710771.0
2007-02-12 08:00:00,2899.0,2990.0,2891.0,2956.0,28321393.0
2007-02-19 08:00:00,2956.0,2966.0,2895.0,2911.0,26478472.0
2007-02-26 08:00:00,2903.0,2932.0,2778.0,2803.0,47781334.0
2007-03-05 08:00:00,2774.0,2960.0,2747.0,2953.0,40101110.0
2007-03-12 08:00:00,2930.0,2949.0,2843.0,2881.0,43111013.0
2007-03-19 08:00:00,2871.0,2890.0,2756.0,2799.0,62161094.0
2007-03-26 07:00:00,2805.0,2810.0,2708.0,2734.0,49753838.0
2007-04-02 07:00:00,2737.0,2772.0,2701.0,2766.0,37536107.0
2007-04-10 07:00:00,2770.0,2838.0,2705.0,2820.0,46445817.0
2007-04-16 07:00:00,2849.0,2973.0,2816.0,2953.0,55567612.0
2007-04-23 07:00:00,2897.0,2925.0,2721.0,2740.0,87840022.0
2007-04-30 07:00:00,2726.0,2765.0,2650.0,2697.0,58076329.0
2007-05-08 07:00:00,2704.0,2718.0,2663.0,2688.0,41397645.0
2007-05-14 07:00:00,2689.0,2765.0,2665.0,2748.0,47256722.0
2007-05-21 07:00:00,2745.0,2760.0,2673.0,2693.0,53899166.0
2007-05-29 07:00:00,2718.0,2718.0,2666.0,2683.0,36496330.0
2007-06-04 07:00:00,2676.0,2686.0,2558.0,2574.0,53878748.0
2007-06-11 07:00:00,2571.0,2638.0,2571.0,2623.0,57359238.0
2007-06-18 07:00:00,2623.0,2632.0,2552.0,2567.0,39131425.0
2007-06-25 07:00:00,2564.0,2686.0,2555.0,2683.0,53268005.0
2007-07-02 07:00:00,2674.0,2711.0,2644.0,2688.0,28521729.0
2007-07-09 07:00:00,2684.0,2786.0,2627.0,2765.0,50448293.0
2007-07-16 07:00:00,2772.0,2793.0,2685.0,2710.0,34686413.0
2007-07-23 07:00:00,2702.0,2753.0,2549.0,2562.0,55467624.0
2007-07-30 07:00:00,2564.0,2575.0,2506.0,2509.0,48956664.0
2007-08-06 07:00:00,2492.0,2553.0,2200.0,2350.0,82509145.0
2007-08-13 07:00:00,2370.0,2387.0,2246.0,2336.0,76768807.0
2007-08-20 07:00:00,2341.0,2446.0,2331.0,2433.0,34276255.0
2007-08-28 07:00:00,2406.0,2446.0,2358.0,2445.0,28088017.0
2007-09-03 07:00:00,2455.0,2468.0,2373.0,2373.0,38856362.0
2007-09-10 07:00:00,2382.0,2409.0,2341.0,2375.0,32032423.0
2007-09-17 07:00:00,2375.0,2446.0,2341.0,2427.0,40653295.0
2007-09-24 07:00:00,2423.0,2466.0,2401.0,2449.0,42950803.0
2007-10-01 07:00:00,2433.0,2589.0,2427.0,2574.0,45545224.0
2007-10-08 07:00:00,2571.0,2606.0,2543.0,2580.0,37328937.0
2007-10-15 07:00:00,2575.0,2599.0,2447.0,2461.0,53068989.0
2007-10-22 07:00:00,2412.0,2478.0,2353.0,2375.0,62358999.0
2007-10-29 08:00:00,2375.0,2422.0,2290.0,2295.0,43946846.0
2007-11-05 08:00:00,2296.0,2303.0,2135.0,2146.0,35022595.0
2007-11-12 08:00:00,2148.0,2238.0,2121.0,2193.0,32942694.0
2007-11-19 08:00:00,2190.0,2343.0,2090.0,2275.0,46486784.0
2007-11-26 08:00:00,2275.0,2331.0,2207.0,2310.0,37613192.0
2007-12-03 08:00:00,2292.0,2324.0,2250.0,2299.0,28323792.0
2007-12-10 08:00:00,2300.0,2332.0,2251.0,2269.0,31184598.0
2007-12-17 08:00:00,2243.0,2256.0,2199.0,2210.0,31124420.0
2007-12-24 08:00:00,2215.0,2224.0,2154.0,2175.0,9175779.0
2007-12-31 08:00:00,2175.0,2179.0,2107.0,2110.0,18454534.0
2008-01-07 08:00:00,2109.0,2345.0,2109.0,2318.0,52814016.0
2008-01-14 08:00:00,2303.0,2395.0,2220.0,2345.0,54730603.0
2008-01-21 08:00:00,2314.0,2345.0,2094.0,2180.0,57891659.0
2008-01-28 08:00:00,2169.0,2194.0,2014.0,2085.0,47876244.0
2008-02-04 08:00:00,2100.0,2125.0,1920.0,1947.0,40720593.0
2008-02-11 08:00:00,1943.0,2012.0,1889.0,1954.0,41194906.0
2008-02-18 08:00:00,1965.0,2045.0,1965.0,2007.0,37548783.0
2008-02-25 08:00:00,2017.0,2035.0,1893.0,1893.0,54892445.0
2008-03-03 08:00:00,1879.0,1913.0,1815.0,1852.0,33947974.0
2008-03-10 08:00:00,1846.0,1896.0,1772.0,1790.0,38741307.0
2008-03-17 08:00:00,1757.0,1895.0,1743.0,1879.0,40479432.0
2008-03-25 08:00:00,1940.0,1945.0,1838.0,1848.0,20302927.0
2008-03-31 07:00:00,1900.0,2122.0,1863.0,2110.0,53462959.0
2008-04-07 07:00:00,2116.0,2129.0,1998.0,2001.0,37419954.0
2008-04-14 07:00:00,1991.0,2196.0,1981.0,2084.0,52444026.0
2008-04-21 07:00:00,2095.0,2175.0,2016.0,2119.0,41576252.0
2008-04-28 07:00:00,2123.0,2151.0,2084.0,2127.0,18238809.0
2008-05-06 07:00:00,2139.0,2147.0,2064.0,2081.0,16150960.0
2008-05-12 07:00:00,2084.0,2236.0,2062.0,2225.0,28225604.0
2008-05-19 07:00:00,2219.0,2401.0,2176.0,2178.0,32077310.0
2008-05-27 07:00:00,2190.0,2237.0,2168.0,2205.0,17154700.0
2008-06-02 07:00:00,2211.0,2215.0,2131.0,2139.0,16871934.0
2008-06-09 07:00:00,2125.0,2171.0,2059.0,2106.0,22200396.0
2008-06-16 07:00:00,2139.0,2152.0,2069.0,2092.0,24014300.0
2008-06-23 07:00:00,2091.0,2199.0,2088.0,2102.0,26152966.0
2008-06-30 07:00:00,2105.0,2380.0,2089.0,2356.0,34058465.0
2008-07-07 07:00:00,2358.0,2460.0,2292.0,2292.0,35218827.0
2008-07-14 07:00:00,2318.0,2333.0,2200.0,2272.0,29337501.0
2008-07-21 07:00:00,2263.0,2391.0,2223.0,2365.0,31219841.0
2008-07-28 07:00:00,2353.0,2511.0,2256.0,2437.0,40238057.0
2008-08-04 07:00:00,2406.0,2593.0,2406.0,2593.0,40157233.0
2008-08-11 07:00:00,2555.0,2668.0,2536.0,2614.0,30624407.0
2008-08-18 07:00:00,2605.0,2657.0,2540.0,2651.0,21836923.0
2008-08-26 07:00:00,2604.0,2740.0,2593.0,2693.0,17309857.0
2008-09-01 07:00:00,2674.0,2796.0,2592.0,2605.0,26583195.0
2008-09-08 07:00:00,2613.0,2678.0,2507.0,2556.0,30045700.0
2008-09-15 07:00:00,2561.0,2561.0,2300.0,2471.0,52656209.0
2008-09-22 07:00:00,2484.0,2555.0,2454.0,2517.0,27942636.0
2008-09-29 07:00:00,2472.0,2603.0,2392.0,2555.0,38402882.0
2008-10-06 07:00:00,2456.0,2519.0,2015.0,2075.0,57416922.0
2008-10-13 07:00:00,2121.0,2343.0,2095.0,2333.0,48312106.0
2008-10-20 07:00:00,2386.0,2400.0,2200.0,2311.0,41049812.0
2008-10-27 08:00:00,2210.0,2672.0,2209.0,2630.0,42115905.0
2008-11-03 08:00:00,2662.0,2780.0,2574.0,2684.0,36913348.0
2008-11-10 08:00:00,2780.0,2916.0,2697.0,2888.0,41344025.0
2008-11-17 08:00:00,2872.0,2883.0,2227.0,2245.0,54648662.0
2008-11-24 08:00:00,2290.0,2494.0,2269.0,2445.0,37144625.0
2008-12-01 08:00:00,2430.0,2677.0,2380.0,2565.0,31539870.0
2008-12-08 08:00:00,2658.0,2733.0,2536.0,2603.0,26168439.0
2008-12-15 08:00:00,2616.0,2742.0,2518.0,2736.0,36075379.0
2008-12-22 08:00:00,2701.0,2744.0,2605.0,2627.0,8080876.0
2008-12-29 08:00:00,2687.0,2843.0,2666.0,2794.0,10621915.0
2009-01-05 08:00:00,2819.0,2819.0,2688.0,2744.0,22463222.0
2009-01-12 08:00:00,2741.0,2789.0,2667.0,2689.0,21565616.0
2009-01-19 08:00:00,2717.0,2881.0,2704.0,2881.0,30437576.0
2009-01-26 08:00:00,2862.0,2966.0,2634.0,2671.0,38690480.0
2009-02-02 08:00:00,2639.0,2780.0,2540.0,2584.0,26926328.0
2009-02-09 08:00:00,2584.0,2657.0,2559.0,2563.0,17405401.0
2009-02-16 08:00:00,2567.0,2606.0,2443.0,2463.0,19617552.0
2009-02-23 08:00:00,2476.0,2486.0,2188.0,2243.0,33538424.0
2009-03-02 08:00:00,2208.0,2326.0,2126.0,2147.0,31080877.0
2009-03-09 08:00:00,2167.0,2358.0,2145.0,2313.0,30953777.0
2009-03-16 08:00:00,2363.0,2467.0,2228.0,2286.0,43958810.0
2009-03-23 08:00:00,2318.0,2326.0,2240.0,2275.0,22544449.0
2009-03-30 07:00:00,2272.0,2492.0,2237.0,2383.0,32140866.0
2009-04-06 07:00:00,2361.0,2413.0,2301.0,2315.0,16791702.0
2009-04-14 07:00:00,2337.0,2406.0,2275.0,2372.0,20492363.0
2009-04-20 07:00:00,2367.0,2401.0,2268.0,2394.0,27683865.0
2009-04-27 07:00:00,2432.0,2590.0,2316.0,2325.0,25690941.0
2009-05-05 07:00:00,2381.0,2442.0,2341.0,2397.0,23895054.0
2009-05-11 07:00:00,2451.0,2678.0,2442.0,2559.0,34287542.0
2009-05-18 07:00:00,2556.0,2660.0,2537.0,2623.0,17670940.0
2009-05-26 07:00:00,2599.0,2637.0,2539.0,2570.0,16815853.0
2009-06-01 07:00:00,2612.0,2612.0,2476.0,2523.0,19111630.0
2009-06-08 07:00:00,2530.0,2630.0,2472.0,2629.0,22123060.0
2009-06-15 07:00:00,2650.0,2780.0,2619.0,2728.0,30344453.0
2009-06-22 07:00:00,2708.0,2766.0,2656.0,2695.0,22225480.0
2009-06-29 07:00:00,2695.5,2726.5,2631.5,2649.5,18211553.0
2009-07-06 07:00:00,2648.5,2722.5,2642.0,2654.5,16799062.0
2009-07-13 07:00:00,2647.0,2783.0,2644.0,2749.0,16971613.0
2009-07-20 07:00:00,2761.0,2891.0,2737.0,2878.0,17789588.0
2009-07-27 07:00:00,2884.0,2950.0,2793.5,2803.0,25312313.0
2009-08-03 07:00:00,2820.0,2836.5,2712.5,2792.5,16387856.0
2009-08-10 07:00:00,2799.5,2827.5,2759.5,2766.0,12544653.0
2009-08-17 07:00:00,2752.0,2811.0,2751.5,2808.0,17842467.0
2009-08-24 07:00:00,2822.5,2893.5,2791.5,2840.0,15626132.0
2009-09-01 07:00:00,2885.0,2926.0,2758.0,2758.0,16776711.0
2009-09-07 07:00:00,2764.0,2801.5,2690.0,2720.0,20356579.0
2009-09-14 07:00:00,2693.0,2805.0,2693.0,2780.0,22318242.0
2009-09-21 07:00:00,2792.0,2839.0,2734.0,2751.5,20771829.0
2009-09-28 07:00:00,2755.0,2857.0,2730.0,2761.0,20149533.0
2009-10-05 07:00:00,2776.5,2797.0,2737.5,2771.5,13211584.0
2009-10-12 07:00:00,2784.0,2821.0,2736.5,2748.5,19889033.0
2009-10-19 07:00:00,2751.0,2825.0,2713.0,2769.0,15922221.0
2009-10-26 08:00:00,2782.0,2842.0,2725.0,2742.0,24200824.0
2009-11-02 08:00:00,2730.0,2751.5,2668.0,2696.5,15766940.0
2009-11-09 08:00:00,2709.0,2770.5,2701.0,2760.0,11997273.0
2009-11-16 08:00:00,2746.0,2763.0,2680.5,2695.0,16221493.0
2009-11-23 08:00:00,2712.0,2790.0,2701.5,2733.0,16416161.0
2009-11-30 08:00:00,2747.5,2856.5,2708.5,2843.0,15914759.0
2009-12-07 08:00:00,2837.0,2845.0,2773.5,2823.0,19278231.0
2009-12-14 08:00:00,2815.0,2872.0,2789.5,2823.0,18942773.0
2009-12-21 08:00:00,2818.0,2932.0,2809.5,2909.5,8066649.0
2009-12-29 08:00:00,2915.0,2949.5,2892.0,2910.5,4053381.0
2010-01-04 08:00:00,2912.0,2949.5,2850.5,2908.5,14320005.0
2010-01-11 08:00:00,2920.0,3027.5,2901.0,3000.5,27457181.0
2010-01-18 08:00:00,3002.5,3136.0,2992.5,3059.0,27627419.0
2010-01-25 08:00:00,3061.0,3102.5,2871.0,2912.0,30734267.0
2010-02-01 08:00:00,2909.5,2955.5,2729.5,2732.0,23490092.0
2010-02-08 08:00:00,2734.0,2866.0,2732.5,2780.5,21316785.0
2010-02-15 08:00:00,2800.0,2836.0,2769.0,2830.0,24446110.0
2010-02-22 08:00:00,2848.0,2897.0,2796.5,2883.5,25435715.0
2010-03-01 08:00:00,2912.0,3000.0,2890.0,2995.5,21640216.0
2010-03-08 08:00:00,2986.0,2990.0,2906.5,2922.0,21549952.0
2010-03-15 08:00:00,2916.0,2960.0,2882.0,2942.0,23294744.0
2010-03-22 08:00:00,2938.0,3024.0,2927.5,2994.0,16470319.0
2010-03-29 07:00:00,2989.0,2995.5,2923.5,2946.0,12291777.0
2010-04-06 07:00:00,2951.0,2972.5,2909.0,2924.0,11794476.0
2010-04-12 07:00:00,2935.5,2952.5,2903.0,2932.0,12437599.0
2010-04-19 07:00:00,2949.0,2981.0,2894.5,2905.5,17273476.0
2010-04-26 07:00:00,2920.5,2947.0,2805.5,2889.0,22663692.0
2010-05-04 07:00:00,2889.0,2930.5,2750.0,2772.0,22010063.0
2010-05-10 07:00:00,2795.0,2940.5,2776.5,2879.5,17745396.0
2010-05-17 07:00:00,2883.5,2933.5,2802.5,2843.5,22792960.0
2010-05-24 07:00:00,2854.0,2915.5,2806.5,2901.5,26348954.0
2010-06-01 07:00:00,2900.0,2998.5,2866.0,2950.0,16305614.0
2010-06-07 07:00:00,2916.0,3056.0,2892.0,3056.0,18002458.0
2010-06-14 07:00:00,3078.5,3097.0,3036.5,3068.0,22328005.0
2010-06-21 07:00:00,3100.0,3100.0,2955.5,2966.0,13815648.0
2010-06-28 07:00:00,2976.5,3262.0,2933.0,3088.5,31231369.0
2010-07-05 07:00:00,3081.0,3232.0,3034.0,3222.0,15848354.0
2010-07-12 07:00:00,3221.5,3277.5,3203.0,3206.5,14767880.0
2010-07-19 07:00:00,3187.0,3237.0,3138.5,3146.5,14415971.0
2010-07-26 07:00:00,3147.5,3376.0,3090.0,3238.0,21841025.0
2010-08-02 07:00:00,3248.5,3293.5,3216.0,3255.0,13525854.0
2010-08-09 07:00:00,3275.0,3356.5,3258.0,3295.0,12807814.0
2010-08-16 07:00:00,3284.5,3329.5,3237.5,3247.5,11472829.0
2010-08-23 07:00:00,3261.0,3300.0,3200.0,3241.0,12735797.0
2010-08-31 07:00:00,3201.5,3328.0,3184.5,3310.5,10090530.0
2010-09-06 07:00:00,3300.5,3381.5,3298.0,3379.5,8652824.0
2010-09-13 07:00:00,3380.0,3389.5,3326.5,3326.5,12842512.0
2010-09-20 07:00:00,3329.0,3371.5,3275.5,3334.0,11079392.0
2010-09-27 07:00:00,3316.0,3324.0,3211.0,3222.0,13852951.0
2010-10-04 07:00:00,3226.0,3294.0,3195.5,3273.5,10053278.0
2010-10-11 07:00:00,3281.0,3362.5,3253.5,3322.5,10765469.0
2010-10-18 07:00:00,3320.5,3364.0,3271.0,3304.0,11259640.0
2010-10-25 07:00:00,3327.5,3329.0,3098.5,3129.5,15806231.0
2010-11-01 08:00:00,3150.0,3167.0,3059.0,3091.5,15483499.0
2010-11-08 08:00:00,3089.5,3107.5,2864.0,3036.5,12527993.0
2010-11-15 08:00:00,3029.5,3071.5,2996.0,3058.0,13296247.0
2010-11-22 08:00:00,3075.0,3096.0,3000.5,3073.0,9345192.0
2010-11-29 08:00:00,3088.5,3096.0,2994.0,3046.5,14077560.0
2010-12-06 08:00:00,3058.0,3061.5,3001.0,3010.5,9817894.0
2010-12-13 08:00:00,3018.5,3174.0,2941.0,2941.0,28950281.0
2010-12-20 08:00:00,2958.5,2988.0,2928.5,2988.0,10495024.0
2010-12-29 08:00:00,2988.0,2999.5,2922.0,2922.0,4137731.0
2011-01-04 08:00:00,2990.0,3042.5,2966.5,2989.0,13002367.0
2011-01-10 08:00:00,2999.5,3025.5,2965.0,2990.0,11238537.0
2011-01-17 08:00:00,2990.0,3025.0,2922.5,2963.5,12009857.0
2011-01-24 08:00:00,2987.0,3145.0,2981.0,3042.5,17865569.0
2011-01-31 08:00:00,3040.5,3062.5,2912.5,2933.0,14842071.0
2011-02-07 08:00:00,2929.0,3039.5,2926.0,3020.5,10570656.0
2011-02-14 08:00:00,3013.0,3050.6001,2992.5,3033.5,7683499.0
2011-02-21 08:00:00,3038.5,3044.5,2927.5,2960.0,8844986.0
2011-02-28 08:00:00,2952.5,3068.2,2935.0,2986.5,10444192.0
2011-03-07 08:00:00,2981.5,3000.4751,2940.9451,2949.0,8420864.0
2011-03-14 08:00:00,2943.5,2954.0,2788.5,2828.0,17877186.0
2011-03-21 08:00:00,2837.5,2879.0,2809.688,2874.0,9990343.0
2011-03-28 07:00:00,2913.0,2922.5,2848.5,2895.0,10613210.0
2011-04-04 07:00:00,2894.0,2959.0,2873.5,2949.5,8279673.0
2011-04-11 07:00:00,2961.0,3021.5,2952.0,3015.5,10185934.0
2011-04-18 07:00:00,3017.5,3056.0,2952.5,3027.0,8621615.0
2011-04-26 07:00:00,3039.0,3104.0,2973.313,2990.0,8905881.0
2011-05-03 07:00:00,2998.0,3099.5,2997.5,3094.0,11336006.0
2011-05-09 07:00:00,3086.5,3218.0,3064.5,3193.5,14715384.0
2011-05-16 07:00:00,3177.5,3204.5,3150.5,3179.0,10509708.0
2011-05-23 07:00:00,3145.0,3176.5,3098.5,3149.5,11717428.0
2011-05-31 07:00:00,3157.0,3196.0601,3103.5,3129.0,9977518.0
2011-06-06 07:00:00,3110.0,3210.8899,3090.0,3108.0,12298587.0
2011-06-13 07:00:00,3095.5,3136.0,2998.0,3047.5,14853440.0
2011-06-20 07:00:00,3031.0,3065.0,3011.0,3059.0,11955649.0
2011-06-27 07:00:00,3028.0,3130.5,2995.1201,3124.0,12838777.0
2011-07-04 07:00:00,3130.5,3183.5,3121.5,3129.0,9056631.0
2011-07-11 07:00:00,3128.5,3152.0,3048.5,3078.5,11881354.0
2011-07-18 07:00:00,3050.0,3155.0,2963.0,3054.0,18933566.0
2011-07-25 07:00:00,3036.0,3076.0,2947.0,2973.0,12579640.0
2011-08-01 07:00:00,2987.5,3040.5,2636.0,2675.5,19108807.0
2011-08-08 07:00:00,2649.0,2784.0,2453.5,2779.5,27866360.0
2011-08-15 07:00:00,2802.5,2874.0,2661.5,2731.5,16745442.0
2011-08-22 07:00:00,2715.0,2886.5,2709.0,2811.5,12071999.0
2011-08-30 07:00:00,2906.5,2938.5,2793.5,2809.5,15544363.0
2011-09-05 07:00:00,2753.5,2878.0879,2724.0,2796.5,14943106.0
2011-09-12 07:00:00,2723.5,2850.709,2708.5,2849.0,18342568.0
2011-09-19 07:00:00,2823.0,2873.5,2713.5,2776.0,10804628.0
2011-09-26 07:00:00,2732.5,2990.0,2732.5,2868.0,11942401.0
2011-10-03 07:00:00,2814.5,2988.5,2803.0,2961.0,11067912.0
2011-10-10 07:00:00,2966.5,3050.0,2947.0,3002.5,9217492.0
2011-10-17 07:00:00,3001.0,3055.5,2925.0,3040.5,11463996.0
2011-10-24 07:00:00,3034.5,3096.5,2949.7261,3053.5,11059872.0
2011-10-31 08:00:00,3037.5,3049.0,2901.5,2974.0,14022723.0
2011-11-07 08:00:00,2962.0,2979.0,2793.0,2909.5,16611440.0
2011-11-14 08:00:00,2895.0,2928.49,2850.0,2857.0,10011011.0
2011-11-21 08:00:00,2850.0,2856.99,2706.01,2755.0,10723400.0
2011-11-28 08:00:00,2777.0,2947.0801,2762.0,2923.5,15929404.0
2011-12-05 08:00:00,2922.0,2966.0,2888.0,2954.5,13202978.0
2011-12-12 08:00:00,2954.0,2964.0,2904.0,2913.0,15316826.0
2011-12-19 08:00:00,2888.0,2955.271,2851.5,2954.5,9374383.0
2011-12-28 08:00:00,2973.5,2976.96,2940.5,2975.0,3662517.0
2012-01-03 08:00:00,3018.0,3069.126,2984.0,3042.5,9252567.0
2012-01-09 08:00:00,3049.5,3084.5,2985.0,3047.0,9881506.0
2012-01-16 08:00:00,3037.5,3116.5,3025.0,3037.5,10651249.0
2012-01-23 08:00:00,3039.5,3074.0,3022.3669,3036.0,9494470.0
2012-01-30 08:00:00,3020.5,3092.5,2874.6001,3010.0,14846076.0
2012-02-06 08:00:00,3000.5,3030.0,2967.415,2979.0,13620730.0
2012-02-13 08:00:00,2996.0,3040.6001,2836.5,2852.5,15492189.0
2012-02-20 08:00:00,2860.5,2902.0,2822.5,2856.0,11947708.0
2012-02-27 08:00:00,2838.0,2861.0,2797.5,2817.5,13879611.0
2012-03-05 08:00:00,2816.0,2874.5,2796.01,2864.0,14317940.0
2012-03-12 08:00:00,2861.0,2894.0,2825.5,2835.0,17642805.0
2012-03-19 08:00:00,2822.0,2883.0,2817.5,2840.0,13586592.0
2012-03-26 07:00:00,2839.0,2864.0,2772.5,2779.0,15258146.0
2012-04-02 07:00:00,2781.5,2854.8301,2765.01,2777.0,10111077.0
2012-04-10 07:00:00,2813.0,2845.7959,2755.491,2783.0,14060172.0
2012-04-16 07:00:00,2767.5,2877.5,2765.0,2867.0,13704514.0
2012-04-23 07:00:00,2866.0,2891.073,2647.5,2680.5,22193895.0
2012-04-30 07:00:00,2690.0,2758.092,2685.5,2711.0,14352273.0
2012-05-08 07:00:00,2676.0,2735.9241,2663.0,2708.0,11029516.0
2012-05-14 07:00:00,2694.0,2694.0,2602.5,2621.5,11543287.0
2012-05-21 07:00:00,2622.0,2674.0,2588.0,2631.5,10125115.0
2012-05-28 07:00:00,2646.5,2660.5,2578.5,2592.0,12305279.0
2012-06-06 07:00:00,2598.0,2674.0,2588.5,2670.0,7175212.0
2012-06-11 07:00:00,2700.0,2709.0,2640.0,2656.5,15042527.0
2012-06-18 07:00:00,2683.5,2788.0,2648.0,2771.5,12410247.0
2012-06-25 07:00:00,2756.0,2875.0,2728.0,2853.0,15665353.0
2012-07-02 07:00:00,2818.5,2958.6101,2818.5,2909.0,14129666.0
2012-07-09 07:00:00,2930.5,2938.0,2884.532,2936.5,13470674.0
2012-07-16 07:00:00,2924.0,3002.5,2911.7939,2985.5,13347121.0
2012-07-23 07:00:00,2980.0,2994.5,2845.5,2951.5,19399930.0
2012-07-30 07:00:00,2947.5,3097.0,2940.5,3096.0,16950934.0
2012-08-06 07:00:00,3084.0,3099.0,2972.5,2997.0,10797055.0
2012-08-13 07:00:00,2996.0,3040.5,2981.0,3000.5,7844141.0
2012-08-20 07:00:00,2989.5,3009.5,2948.72,2981.5,7040890.0
2012-08-28 07:00:00,2979.5,3022.6899,2935.677,2936.5,8817384.0
2012-09-03 07:00:00,2930.0,2955.5,2894.5,2923.5,10213657.0
2012-09-10 07:00:00,2905.0,2934.5,2877.5,2893.0,10650083.0
2012-09-17 07:00:00,2886.5,2966.5,2879.25,2942.0,13548463.0
2012-09-24 07:00:00,2933.5,3004.5161,2919.5,2955.0,9512603.0
2012-10-01 07:00:00,2958.5,2971.6189,2874.5,2918.5,15525890.0
2012-10-08 07:00:00,2918.5,2924.5,2851.0,2860.5,8468100.0
2012-10-15 07:00:00,2859.5,2966.5,2859.5,2951.0,9891958.0
2012-10-22 07:00:00,2945.5,2955.5,2870.5,2901.0,9825950.0
2012-10-29 08:00:00,2891.5,2936.0,2856.5,2903.5,8888596.0
2012-11-05 08:00:00,2892.5,2932.0,2829.0449,2865.5,7977172.0
2012-11-12 08:00:00,2865.0,2880.0,2786.0,2792.5,9447168.0
2012-11-19 08:00:00,2799.0,2898.5,2786.5,2890.5,7670409.0
2012-11-26 08:00:00,2885.0,2981.3301,2869.5,2966.5,10865106.0
2012-12-03 08:00:00,2968.5,3013.5,2962.5,3000.5,9717412.0
2012-12-10 08:00:00,2995.0,3059.0,2898.5,2924.0,14280490.0
2012-12-17 08:00:00,2929.0,2968.0,2909.5,2939.0,11471447.0
2012-12-24 08:00:00,2948.0,2956.0,2908.0,2913.5,2657124.0
2012-12-31 08:00:00,2909.5,3005.0,2887.5,3000.0,6727014.0
2013-01-07 08:00:00,2998.5,3021.5,2958.5,3018.0,9099877.0
2013-01-14 08:00:00,3024.5,3112.438,3013.0,3076.5,11054276.0
2013-01-21 08:00:00,3071.5,3156.5,3055.0,3156.5,9930037.0
2013-01-28 08:00:00,3149.0,3171.5,2933.8301,3068.5,16025035.0
2013-02-04 08:00:00,3061.0,3089.5,2998.0,3000.0,10186908.0
2013-02-11 08:00:00,3002.0,3069.5,2902.8369,2936.0,13896556.0
2013-02-18 08:00:00,2931.5,2995.0,2895.0,2952.5,9197727.0
2013-02-25 08:00:00,2967.0,3028.0,2932.0,3012.5,12320732.0
2013-03-04 08:00:00,3014.5,3054.0,2995.0,3040.0,8898136.0
2013-03-11 08:00:00,3049.5,3084.0,3026.0,3069.5,14552090.0
2013-03-18 08:00:00,3032.0,3254.0,3005.5,3236.0,17768609.0
2013-03-25 08:00:00,3250.5,3299.5,3228.385,3299.5,10458602.0
2013-04-02 07:00:00,3300.0,3348.0,3262.0,3282.5,9244128.0
2013-04-08 07:00:00,3282.0,3336.0,3277.5,3319.0,9375993.0
2013-04-15 07:00:00,3309.0,3382.0,3270.0,3346.0,10219491.0
2013-04-22 07:00:00,3359.0,3403.0,3265.0,3321.0,12269057.0
2013-04-29 07:00:00,3337.0,3382.0,3293.0,3339.0,10001342.0
2013-05-07 07:00:00,3307.0,3342.0,3292.0,3342.0,5790813.0
2013-05-13 07:00:00,3337.0,3401.0,3310.0,3383.0,8979173.0
2013-05-20 07:00:00,3387.0,3487.0,3346.0,3428.0,9715795.0
2013-05-28 07:00:00,3450.0,3544.0,3375.0,3388.0,9955356.0
2013-06-03 07:00:00,3366.0,3382.0,3255.0,3301.0,9099668.0
2013-06-10 07:00:00,3296.0,3338.0,3204.0,3239.0,8681020.0
2013-06-17 07:00:00,3249.5,3272.6631,3108.5,3111.5,11724519.0
2013-06-24 07:00:00,3101.5,3172.0,3028.5,3115.0,12117375.0
2013-07-01 07:00:00,3131.0,3280.0,3110.5,3213.5,9133393.0
2013-07-08 07:00:00,3218.0,3305.5,3208.0,3267.0,7121411.0
2013-07-15 07:00:00,3268.0,3314.5,3241.5,3280.0,7788702.0
2013-07-22 07:00:00,3277.5,3342.0,3237.0,3255.0,7517853.0
2013-07-29 07:00:00,3271.5,3379.5,3261.0,3332.5,9351248.0
2013-08-05 07:00:00,3332.0,3359.0,3195.5,3235.0,11352435.0
2013-08-12 07:00:00,3255.0,3324.5,3146.0,3199.5,12273798.0
2013-08-19 07:00:00,3198.5,3250.0,3153.0,3246.5,8284040.0
2013-08-27 07:00:00,3253.0,3332.8589,3169.0,3178.0,7236572.0
2013-09-02 07:00:00,3188.0,3194.5,3096.0,3117.5,9349332.0
2013-09-09 07:00:00,3125.0,3202.5,3085.2119,3174.5,8460495.0
2013-09-16 07:00:00,3239.5,3268.0,3200.0,3257.0,9989655.0
2013-09-23 07:00:00,3255.0,3258.0,3190.0,3201.0,7114511.0
2013-09-30 07:00:00,3181.5,3229.0,3157.0,3182.0,8682850.0
2013-10-07 07:00:00,3170.5,3185.0,3106.0,3176.5,10102877.0
2013-10-14 07:00:00,3177.0,3218.8501,3131.9131,3149.5,8990060.0
2013-10-21 07:00:00,3155.0,3250.0,3154.0,3248.5,7078250.0
2013-10-28 08:00:00,3275.0,3344.5,3237.5,3292.0,10629937.0
2013-11-04 08:00:00,3251.0,3316.5,3247.5,3278.0,7255724.0
2013-11-11 08:00:00,3278.0,3312.5,3253.0,3306.0,9655932.0
2013-11-18 08:00:00,3296.5,3479.0,3281.5,3446.5,11973129.0
2013-11-25 08:00:00,3449.5,3520.5,3399.5,3513.5,8911910.0
2013-12-02 08:00:00,3506.5,3529.5,3447.0,3489.0,10414208.0
2013-12-09 08:00:00,3488.0,3553.5,3407.5,3518.5,10631254.0
2013-12-16 08:00:00,3508.5,3669.5,3501.0,3588.5,15498900.0
2013-12-23 08:00:00,3574.0,3641.0,3574.0,3605.0,4580915.0
2013-12-30 08:00:00,3606.5,3626.082,3545.5,3585.5,7384159.0
2014-01-06 08:00:00,3579.0,3676.0,3539.5,3652.0,12267950.0
2014-01-13 08:00:00,3671.0,3912.0,3367.0701,3875.0,17408585.0
2014-01-20 08:00:00,3886.5,3980.98,3872.5,3891.0,13905323.0
2014-01-27 08:00:00,3890.5,3917.5,3815.0,3858.5,13521792.0
2014-02-03 08:00:00,3870.5,3904.5,3663.7041,3860.0,15859667.0
2014-02-10 08:00:00,3882.5,4076.0,3873.5,4055.0,13310484.0
2014-02-17 08:00:00,4046.0,4138.3301,3939.5,4027.5,12640445.0
2014-02-24 08:00:00,4016.0,4115.0249,4000.5,4084.0,12248572.0
2014-03-03 08:00:00,3973.5,4087.0,3959.0,3985.0,10671013.0
2014-03-10 08:00:00,3979.5,4033.3501,3877.074,3913.0,13339046.0
2014-03-17 08:00:00,3924.0,4078.7,3915.5,3929.0,12192438.0
2014-03-24 08:00:00,3921.0,3959.0,3854.5,3937.5,10383177.0
2014-03-31 07:00:00,3939.0,3973.5,3873.0,3923.0,9585799.0
2014-04-07 07:00:00,3902.0,3906.0,3740.0,3780.5,11175399.0
2014-04-14 07:00:00,3752.0,3834.7319,3718.5,3781.5,9455375.0
2014-04-22 07:00:00,4095.0,4296.5,3957.0,4080.0,23693693.0
2014-04-28 07:00:00,4701.0,4946.4131,4560.0,4808.0,41128962.0
2014-05-06 07:00:00,4735.0,4762.5,4598.5049,4600.5,15144787.0
2014-05-12 07:00:00,4628.0,4827.0,4468.5,4823.5,20130346.0
2014-05-19 07:00:00,4200.0,4823.02,4098.0,4328.0,63717942.0
2014-05-27 07:00:00,4225.0,4326.2471,4207.5,4283.5,16310046.0
2014-06-02 07:00:00,4315.5,4394.5,4287.0,4328.0,10335434.0
2014-06-09 07:00:00,4329.0,4456.5,4302.5,4385.0,11338956.0
2014-06-16 07:00:00,4364.5,4486.1938,4323.0,4470.0,13553609.0
2014-06-23 07:00:00,4444.0,4453.0,4302.0,4370.0,10831934.0
2014-06-30 07:00:00,4365.0,4448.0,4316.0,4417.5,7329223.0
2014-07-07 07:00:00,4412.5,4474.5,4326.5,4353.5,6548970.0
2014-07-14 07:00:00,4375.0,4423.0,4280.0,4340.0,10824841.0
2014-07-21 07:00:00,4348.5,4436.0,4342.0,4392.0,7602140.0
2014-07-28 07:00:00,4400.0,4404.543,4269.5,4338.5,13968438.0
2014-08-04 07:00:00,4340.0,4407.0,4082.0,4109.5,14757476.0
2014-08-11 07:00:00,4144.0,4185.0,4075.0,4092.5,10994597.0
2014-08-18 07:00:00,4110.0,4450.0,4105.0,4418.0,10746282.0
2014-08-26 07:00:00,4439.0,4667.5,4422.5,4567.0,9478711.0
2014-09-01 07:00:00,4573.0,4609.0,4444.0,4553.0,15447404.0
2014-09-08 07:00:00,4540.0,4622.5,4472.5,4522.0,8243797.0
2014-09-15 07:00:00,4515.5,4599.5,4460.5,4578.5,10530341.0
2014-09-22 07:00:00,4568.0,4588.5,4276.5532,4408.5,14666113.0
2014-09-29 07:00:00,4430.0,4461.0,4274.811,4362.0,9945531.0
2014-10-06 07:00:00,4373.0,4429.5,4154.1001,4300.0,14995538.0
2014-10-13 07:00:00,4236.0,4422.5,4130.5,4186.5,24915802.0
2014-10-20 07:00:00,4194.0,4709.5898,4140.5,4327.5,11296480.0
2014-10-27 08:00:00,4380.0,4600.0,4318.3359,4543.5,12343249.0
2014-11-03 08:00:00,4547.0,4644.0,4480.0,4597.0,12541814.0
2014-11-10 08:00:00,4590.0,4782.5,4588.9038,4655.5,11225438.0
2014-11-17 08:00:00,4601.5,4794.0,4496.5,4741.0,12850613.0
2014-11-24 08:00:00,4759.0,4787.5,4612.7661,4780.0,9425612.0
2014-12-01 08:00:00,4749.5,4788.0,4650.0,4739.5,11041872.0
2014-12-08 08:00:00,4745.0,4766.0,4542.4492,4573.0,11841523.0
2014-12-15 08:00:00,4558.0,4617.0,4394.0,4565.0,16892942.0
2014-12-22 08:00:00,4570.0,4664.541,4480.585,4555.5,4175341.0
2014-12-29 08:00:00,4549.0,4616.0,4495.0,4580.0,3814371.0
2015-01-05 08:00:00,4573.0,4620.0,4469.5,4587.0,14211621.0
2015-01-12 08:00:00,4592.0,4808.1499,4560.0,4715.0,14627908.0
2015-01-19 08:00:00,4729.5,4756.5,4560.0459,4733.5,11507228.0
2015-01-26 08:00:00,4727.5,4798.0,4589.8042,4743.0,13587040.0
2015-02-02 08:00:00,4755.0,4800.0,4449.5,4467.0,18026525.0
2015-02-09 08:00:00,4471.5,4571.415,4410.25,4551.0,14115638.0
2015-02-16 08:00:00,4565.0,4565.0,4342.5,4413.5,12851143.0
2015-02-23 08:00:00,4428.0,4621.686,4417.0,4469.5,9469994.0
2015-03-02 08:00:00,4461.5,4528.5,4386.0,4415.5,9873983.0
2015-03-09 08:00:00,4432.5,4563.8149,4256.8979,4557.0,16000532.0
2015-03-16 08:00:00,4526.5,4876.668,4463.0,4847.0,16321750.0
2015-03-23 08:00:00,4870.0,4870.0,4583.5,4686.0,11142202.0
2015-03-30 07:00:00,4739.5,4754.5,4602.0,4645.0,9123903.0
2015-04-07 07:00:00,4655.0,4801.5,4609.5,4753.0,8284126.0
2015-04-13 07:00:00,4754.5,4901.0,4690.0,4750.0,14988569.0
2015-04-20 07:00:00,4756.5,4931.6821,4664.0,4749.5,14137820.0
2015-04-27 07:00:00,4750.0,4761.0,4400.8198,4461.5,16897290.0
2015-05-05 07:00:00,4550.0,4552.5,4314.1802,4532.0,11952328.0
2015-05-11 07:00:00,4544.5,4584.5,4351.0,4367.5,11614381.0
2015-05-18 07:00:00,4390.0,4501.9658,4345.5,4473.5,11330660.0
2015-05-26 07:00:00,4425.0,4523.5,4362.0,4372.5,11262406.0
2015-06-01 07:00:00,4503.5,4518.5,4285.5,4367.5,15919006.0
2015-06-08 07:00:00,4354.5,4372.0,4100.0,4211.0,11299311.0
2015-06-15 07:00:00,4190.0,4293.3311,4126.5,4189.0,14360988.0
2015-06-22 07:00:00,4234.5,4375.5488,4115.0,4193.5,12204762.0
2015-06-29 07:00:00,4054.0,4238.563,4019.0,4167.0,14034476.0
2015-07-06 07:00:00,4122.0,4285.0,4120.0,4284.5,10752316.0
2015-07-13 07:00:00,4320.0,4414.7642,4278.5,4315.0,11475568.0
2015-07-20 07:00:00,4328.5,4379.0,4246.0,4253.5,7464138.0
2015-07-27 07:00:00,4240.0,4351.0,4135.5,4320.0,13345703.0
2015-08-03 07:00:00,4304.0,4432.0,4282.0298,4320.5,11149765.0
2015-08-10 07:00:00,4339.0,4362.0,4234.5,4247.5,10692799.0
2015-08-17 07:00:00,4278.0,4333.9849,4035.585,4054.0,9685535.0
2015-08-24 07:00:00,3984.5,4156.3799,3746.0,4120.0,19405837.0
2015-09-01 07:00:00,4100.5,4280.0,3994.0,4181.5,12778538.0
2015-09-07 07:00:00,4214.0,4335.0,4206.0,4285.5,9220323.0
2015-09-14 07:00:00,4311.0,4387.71,4243.0,4370.0,13101388.0
2015-09-21 07:00:00,4369.0,4450.6958,4160.5,4330.0,11975277.0
2015-09-28 07:00:00,4305.0,4351.0,4087.0,4168.0,11113397.0
2015-10-05 07:00:00,4228.0,4270.5898,4090.5,4209.5,12122721.0
2015-10-12 07:00:00,4199.0,4206.5,4042.0,4146.0,9295078.0
2015-10-19 07:00:00,4130.5,4182.0,3931.5,4069.5,11458959.0
2015-10-26 08:00:00,4086.5,4211.0,4039.0,4150.5,9110251.0
2015-11-02 08:00:00,4117.0,4314.0,4096.0,4226.0,10243824.0
2015-11-09 08:00:00,4220.5,4234.0,3999.5449,4094.0,9364342.0
2015-11-16 08:00:00,4056.5,4500.0298,4050.4399,4499.5,13031060.0
2015-11-23 08:00:00,4491.0,4541.0,4440.5,4512.5,8159534.0
2015-11-30 08:00:00,4504.0,4627.5,4408.0449,4442.0,11282441.0
2015-12-07 08:00:00,4437.5,4534.0,4325.0,4330.0,9324583.0
2015-12-14 08:00:00,4339.5,4519.5,4280.0,4371.5,14258080.0
2015-12-21 08:00:00,4372.0,4552.5,4328.1201,4540.0,5592180.0
2015-12-29 08:00:00,4580.0,4634.0,4509.5,4616.5,2728289.0
2016-01-04 08:00:00,4565.0,4577.0,4349.0,4349.0,12587851.0
2016-01-11 08:00:00,4336.0,4427.5,4181.5,4230.0,11333351.0
2016-01-18 08:00:00,4216.5,4395.0,4190.0,4360.5,12073995.0
2016-01-25 08:00:00,4379.0,4487.5,4295.0,4487.5,13344010.0
2016-02-01 08:00:00,4506.5,4541.5,4053.002,4109.5,19694076.0
2016-02-08 08:00:00,4126.0,4130.5,3801.72,4046.5,23824560.0
2016-02-15 08:00:00,4128.5,4342.0,4056.5,4073.0,14455378.0
2016-02-22 08:00:00,4114.0,4248.0,4076.5,4204.5,11014765.0
2016-02-29 08:00:00,4176.0,4204.0,3985.5,4021.0,16786377.0
2016-03-07 08:00:00,4016.0,4126.5,3977.0,4043.5,11700022.0
2016-03-14 08:00:00,4067.5,4164.0,3884.5,3890.0,16180660.0
2016-03-21 08:00:00,3900.0,3977.238,3802.51,3907.0,9890207.0
2016-03-29 07:00:00,3915.0,3959.0,3830.5,3932.5,9667506.0
2016-04-04 07:00:00,3932.5,4242.0,3919.5,4146.5,14759096.0
2016-04-11 07:00:00,4152.5,4209.252,3992.5,4146.5,12226909.0
2016-04-18 07:00:00,4125.5,4230.4258,4092.5,4116.5,10434683.0
2016-04-25 07:00:00,4118.5,4155.0762,3903.0,3928.0,13135470.0
2016-05-03 07:00:00,3936.5,3964.7151,3772.7749,3798.5,12059141.0
2016-05-09 07:00:00,3823.0,3991.3169,3817.7529,3940.0,10243627.0
2016-05-16 07:00:00,3916.0,3996.1101,3812.0,3894.5,10089827.0
2016-05-23 07:00:00,3903.0,4093.4031,3860.5,4022.5,10386194.0
2016-05-31 07:00:00,4040.0,4112.7759,3988.0,4039.0,8900765.0
2016-06-06 07:00:00,4046.0,4167.5298,3829.5,3852.0,10357811.0
2016-06-13 07:00:00,3830.0,3922.4709,3759.5,3793.0,14804671.0
2016-06-20 07:00:00,3856.5,4094.0,3680.0,4031.5,15763020.0
2016-06-27 07:00:00,4000.0,4525.0732,3994.5,4502.5,22067121.0
2016-07-04 07:00:00,4519.0,4617.0,4474.0,4574.0,12710320.0
2016-07-11 07:00:00,4589.5,4595.0,4445.0,4502.0,16685085.0
2016-07-18 07:00:00,4517.0,4616.5,4501.0,4612.5,9752848.0
2016-07-25 07:00:00,4675.5,5114.0,4593.4321,5048.0,18841493.0
2016-08-01 07:00:00,5064.0,5505.0,4966.0,5220.0,18770288.0
2016-08-08 07:00:00,5188.0,5316.9941,5054.0,5105.0,14616067.0
2016-08-15 07:00:00,5105.0,5208.9399,5008.0,5058.0,9838117.0
2016-08-22 07:00:00,5041.0,5152.7471,4926.9492,4955.0,10017129.0
2016-08-30 07:00:00,4962.0,5109.6299,4798.0,4938.5,11207285.0
2016-09-05 07:00:00,4955.0,5001.8779,4812.5,4819.0,9964776.0
2016-09-12 07:00:00,4803.5,5204.417,4763.9712,5095.0,14060783.0
2016-09-19 07:00:00,5116.0,5208.3232,5057.0,5170.0,9689828.0
2016-09-26 07:00:00,5139.0,5196.4028,4947.0,5004.0,11460891.0
2016-10-03 07:00:00,5022.0,5145.46,4982.5,5086.0,14592253.0
2016-10-10 07:00:00,5090.0,5150.188,4892.5,4947.0,10678719.0
2016-10-17 07:00:00,4940.5,5156.2109,4872.5098,4952.0,13896539.0
2016-10-24 07:00:00,4946.5,5011.7891,4502.0,4617.0,16721779.0
2016-10-31 08:00:00,4643.0,4690.6528,4346.0,4368.0,12551459.0
2016-11-07 08:00:00,4413.0,4719.7612,4270.0,4326.0,18185933.0
2016-11-14 08:00:00,4375.5,4429.9678,4273.0,4323.5,13517471.0
2016-11-21 08:00:00,4334.0,4435.5801,4115.0,4301.5,14082066.0
2016-11-28 08:00:00,4268.0,4333.5132,3998.5,4055.0,14614376.0
2016-12-05 08:00:00,4027.5,4436.7378,3996.0,4280.0,18952093.0
2016-12-12 08:00:00,4259.0,4504.0894,4174.0,4401.0,18667491.0
2016-12-19 08:00:00,4400.0,4476.9902,4289.4399,4407.0,11396549.0
2016-12-28 08:00:00,4383.5,4497.0,4300.0,4437.5,4708125.0
2017-01-03 08:00:00,4432.5,4582.3271,4400.0,4550.5,10186890.0
2017-01-09 08:00:00,4560.5,4733.3193,4487.0,4609.0,20751841.0
2017-01-16 08:00:00,4622.5,4688.0059,4297.5,4318.5,16285075.0
2017-01-23 08:00:00,4298.0,4402.4595,4136.5,4239.0,20219628.0
2017-01-30 08:00:00,4224.5,4454.5361,4150.0,4358.0,18962975.0
2017-02-06 08:00:00,4400.0,4680.0527,4351.5,4626.5,15901695.0
2017-02-13 08:00:00,4626.5,4753.2002,4497.5,4595.0,13343856.0
2017-02-20 08:00:00,4608.0,4694.8354,4495.0,4609.0,11037918.0
2017-02-27 08:00:00,4633.5,4809.083,4599.0,4780.5,12663089.0
2017-03-06 08:00:00,4778.5,4850.8989,4620.5,4759.5,10080263.0
2017-03-13 08:00:00,4778.5,4963.3003,4762.5,4897.0,14205240.0
2017-03-20 08:00:00,4899.5,5051.457,4790.5,4928.5,10245903.0
2017-03-27 07:00:00,4916.5,5053.0303,4864.5,4912.5,9896841.0
2017-04-03 07:00:00,4912.5,5034.4253,4760.5,4793.5,12004223.0
2017-04-10 07:00:00,4779.5,4846.9121,4696.0,4743.0,7119730.0
2017-04-18 07:00:00,4731.0,4756.2661,4521.0,4566.0,10128919.0
2017-04-24 07:00:00,4635.0,4817.6284,4594.7173,4637.5,10946955.0
2017-05-02 07:00:00,4640.0,4736.832,4601.0,4605.5,9585405.0
2017-05-08 07:00:00,4596.5,5202.0,4594.9634,5176.0,15143715.0
2017-05-15 07:00:00,5231.0,5338.0317,4735.0,5119.0,14713962.0
2017-05-22 07:00:00,5125.0,5288.9805,5102.0,5227.0,9794587.0
2017-05-30 07:00:00,5205.0,5408.5977,5170.0,5364.0,9243140.0
2017-06-05 07:00:00,5387.0,5481.4766,5265.0,5337.0,9830371.0
2017-06-12 07:00:00,5290.0,5417.2593,5218.0,5284.0,10223214.0
2017-06-19 07:00:00,5321.0,5520.0,5282.0,5401.0,8157610.0
2017-06-26 07:00:00,5416.0,5519.0,5111.0,5135.0,8938444.0
2017-07-03 07:00:00,5148.0,5202.0,5076.0,5130.0,6330597.0
2017-07-10 07:00:00,5154.0,5196.0,4875.0,4998.5,11145485.0
2017-07-17 07:00:00,5050.0,5172.0,5016.0,5152.0,7318045.0
2017-07-24 07:00:00,5147.0,5154.0,4260.0,4481.5,20330535.0
2017-07-31 07:00:00,4581.0,4621.0,4450.0,4534.0,13214540.0
2017-08-07 07:00:00,4543.0,4590.5,4355.0,4384.0,8505310.0
2017-08-14 07:00:00,4402.0,4525.0,4380.0,4447.0,6320322.0
2017-08-21 07:00:00,4426.0,4564.5,4388.0,4498.5,7212773.0
2017-08-29 07:00:00,4484.0,4597.0,4432.5,4592.5,6627788.0
2017-09-04 07:00:00,4583.5,4793.5,4531.0,4790.0,9529844.0
2017-09-11 07:00:00,4910.0,4962.0,4705.5,4719.5,13761781.0
2017-09-18 07:00:00,4739.5,4954.5,4693.5,4912.0,9110881.0
2017-09-25 07:00:00,4928.5,4971.5,4838.0,4955.0,8675266.0
2017-10-02 07:00:00,4972.5,5161.0,4951.0,5154.0,7788939.0
2017-10-09 07:00:00,5156.0,5182.0,5100.0,5127.0,6561667.0
2017-10-16 07:00:00,5177.0,5261.4014,5126.0,5162.0,10109636.0
2017-10-23 07:00:00,5157.0,5267.0073,5010.0,5022.0,10959240.0
2017-10-30 08:00:00,5016.0,5233.834,4974.3198,5180.0,11126455.0
2017-11-06 08:00:00,5167.0,5239.8994,4862.0,4870.0,13217669.0
2017-11-13 08:00:00,4916.0,5083.6904,4901.0,4975.0,11442016.0
2017-11-20 08:00:00,4969.5,5108.8892,4935.52,4983.0,6790074.0
2017-11-27 08:00:00,4974.5,5109.7319,4732.5,4767.0,11835116.0
2017-12-04 08:00:00,4804.5,4905.521,4672.0,4784.0,9434050.0
2017-12-11 08:00:00,4802.0,5011.9102,4788.0,4881.0,11852094.0
2017-12-18 08:00:00,4896.5,5041.6016,4844.0,4942.0,6707045.0
2017-12-27 08:00:00,4958.0,5179.5195,4937.3252,5121.0,3689261.0
2018-01-02 08:00:00,5126.0,5220.0,5083.0,5204.0,7701093.0
2018-01-08 08:00:00,5207.0,5217.0,5090.0,5132.0,7221653.0
2018-01-15 08:00:00,5116.0,5155.0,4938.5,5043.0,9612391.0
2018-01-22 08:00:00,5038.0,5104.0,4943.0,5095.0,9656227.0
2018-01-29 08:00:00,5086.0,5106.0,4722.5,5036.0,11202126.0
2018-02-05 08:00:00,4992.0,5021.0,4544.5,4770.0,15338203.0
2018-02-12 08:00:00,4807.0,4873.1001,4702.5,4739.5,9732909.0
2018-02-19 08:00:00,4800.0,4936.4102,4699.0,4752.0,8566724.0
2018-02-26 08:00:00,4759.0,4844.0,4716.5,4736.0,8889385.0
2018-03-05 08:00:00,4735.0,4861.6968,4715.0,4785.5,8860676.0
2018-03-12 08:00:00,4791.5,4886.5,4750.0,4867.0,10849704.0
2018-03-19 08:00:00,4920.0,4920.0,4756.0,4788.0,8479842.0
2018-03-26 07:00:00,4809.5,4958.5,4746.0,4895.5,8942464.0
2018-04-03 07:00:00,4845.5,5016.0,4825.0,4990.5,7484404.0
2018-04-09 07:00:00,5006.0,5149.0,4960.5,5010.0,7882020.0
2018-04-16 07:00:00,5021.0,5022.0,4874.5,4976.0,8000798.0
2018-04-23 07:00:00,4971.0,5090.0,4928.5,5083.0,8662361.0
2018-04-30 07:00:00,5093.0,5243.0,5078.0,5205.0,9242470.0
2018-05-08 07:00:00,5217.0,5299.0,5160.3999,5279.0,7009200.0
2018-05-14 07:00:00,5298.0,5369.0,5165.0,5241.0,10556476.0
2018-05-21 07:00:00,5330.0,5502.0,5310.0,5478.0,11071583.0
2018-05-29 07:00:00,5460.0,5523.0,5395.0,5421.0,8304647.0
2018-06-04 07:00:00,5444.0,5483.0,5314.3999,5353.0,7731722.0
2018-06-11 07:00:00,5372.0,5468.5,5301.0,5398.0,9460208.0
2018-06-18 07:00:00,5399.0,5440.0,5194.0,5229.0,9485403.0
2018-06-25 07:00:00,5224.0,5296.0,5160.0,5253.0,7454092.0
2018-07-02 07:00:00,5214.0,5236.0,5110.0,5201.0,6958479.0
2018-07-09 07:00:00,5212.0,5536.0,5203.0,5502.0,8767294.0
2018-07-16 07:00:00,5523.0,5665.3701,5424.0,5589.0,7935390.0
2018-07-23 07:00:00,5584.0,5808.0,5527.0,5734.0,9312145.0
2018-07-30 07:00:00,5699.0,5900.0,5697.0,5846.0,9310818.0
2018-08-06 07:00:00,5836.0,6126.3999,5766.0,6107.0,9997814.0
2018-08-13 07:00:00,6051.0,6077.0,5896.0,5930.0,8425301.0
2018-08-20 07:00:00,5906.0,6014.6099,5868.0,5886.0,6850679.0
2018-08-28 07:00:00,5913.0,5943.0,5788.0,5795.0,5725636.0
2018-09-03 07:00:00,5815.0,5928.0,5595.0,5650.0,6871665.0
2018-09-10 07:00:00,5676.0,5782.0,5581.0,5645.0,8120330.0
2018-09-17 07:00:00,5629.0,5690.0,5536.0,5670.0,9815033.0
2018-09-24 07:00:00,5670.0,6001.0,5633.0,5963.0,8260349.0
2018-10-01 07:00:00,5973.0,6086.0,5833.0,5882.0,7379612.0
2018-10-08 07:00:00,5887.0,5891.0,5542.0,5546.0,10705371.0
2018-10-15 07:00:00,5543.0,5956.0,5518.0,5934.0,8501894.0
2018-10-22 07:00:00,5950.0,6062.0,5615.0,5755.0,10527403.0
2018-10-29 08:00:00,5787.0,6097.0,5720.0,5732.0,8872042.0
2018-11-05 08:00:00,5767.0,6217.0,5737.0,6172.0,9675582.0
2018-11-12 08:00:00,6249.0,6432.48,6079.0,6204.0,13673595.0
2018-11-19 08:00:00,6199.0,6319.0,6039.0,6191.0,8144081.0
2018-11-26 08:00:00,6239.0,6256.0,6057.0,6117.0,10127685.0
2018-12-03 08:00:00,6176.0,6218.0,5886.0,5927.0,9899779.0
2018-12-10 08:00:00,5938.0,6164.0,5927.0,6130.0,8990717.0
2018-12-17 08:00:00,6115.0,6173.0,5857.0,5901.0,13291928.0
2018-12-24 08:00:00,5933.0,5970.0,5689.0,5854.0,3683688.0
2018-12-31 08:00:00,5898.0,6089.0,5743.0,6089.0,5839417.0
2019-01-07 08:00:00,6082.0,6082.0,5712.0,5712.0,10887815.0
2019-01-14 08:00:00,5600.0,5670.0,5448.0,5570.0,11960269.0
2019-01-21 08:00:00,5583.0,5662.0,5357.0,5371.0,10183446.0
2019-01-28 08:00:00,5350.0,5598.0,5312.0,5581.0,10164718.0
2019-02-04 08:00:00,5580.0,5753.0,5542.0,5696.0,7488455.0
2019-02-11 08:00:00,5692.0,6251.02,5647.0,6241.0,11480622.0
2019-02-18 08:00:00,6240.0,6261.0,6061.0,6159.0,9286852.0
2019-02-25 08:00:00,6154.7139,6302.0,6107.0,6186.0,9783635.0
2019-03-04 08:00:00,6203.0,6362.0,6137.0,6271.0,7256012.0
2019-03-11 08:00:00,6300.0,6372.0,6204.0,6274.0,15487246.0
2019-03-18 08:00:00,6290.0,6540.0,6290.0,6351.0,6511427.0
2019-03-25 08:00:00,6345.0,6523.0,6029.0,6135.0,13608901.0
2019-04-01 07:00:00,6160.0,6300.0,6036.0,6145.0,16426760.0
2019-04-08 07:00:00,6172.0,6197.3335,5936.0,5988.0,8085168.0
2019-04-15 07:00:00,5942.0,6061.0,5806.0,5815.0,7733947.0
2019-04-23 07:00:00,5858.0,6043.0,5734.0,5795.0,11397378.0
2019-04-29 07:00:00,5843.0,5909.0,5626.0,5741.0,10945260.0
2019-05-07 07:00:00,5794.0,5919.0,5673.0,5692.0,9906175.0
2019-05-13 07:00:00,5695.0,5906.0,5642.0,5875.0,7179249.0
2019-05-20 07:00:00,5885.0,6103.0,5792.0,6089.0,9062593.0
2019-05-28 07:00:00,6066.0,6073.0,5795.0,5833.0,7187058.0
2019-06-03 07:00:00,5802.0,6090.0,5739.0,6028.0,8449375.0
2019-06-10 07:00:00,6061.0,6247.0,6041.0,6215.0,6886330.0
2019-06-17 07:00:00,6212.0,6545.0,6162.0,6378.0,10468525.0
2019-06-24 07:00:00,6395.0,6477.0,6333.0,6438.0,6502255.0
2019-07-01 07:00:00,6465.0,6634.0,6436.0,6527.0,6712930.0
2019-07-08 07:00:00,6460.0,6549.0,6291.0,6324.0,7404142.0
2019-07-15 07:00:00,6305.0,6454.0,6295.0,6390.0,6524384.0
2019-07-22 07:00:00,6357.0,6919.0,6317.0,6905.0,10836897.0
2019-07-29 07:00:00,6972.0,7270.0,6951.0,7240.0,10393813.0
2019-08-05 07:00:00,7175.0,7456.0,7055.0,7351.0,9549018.0
2019-08-12 07:00:00,7348.0,7475.1499,7166.0,7256.0,7264895.0
2019-08-19 07:00:00,7287.0,7479.0,7170.0,7313.0,7542116.0
2019-08-27 07:00:00,7255.0,7417.0,7152.0,7318.0,8995437.0
2019-09-02 07:00:00,7407.0,7583.0,7149.0,7255.0,7497600.0
2019-09-09 07:00:00,7265.0,7312.0,6756.0,6865.0,10464918.0
2019-09-16 07:00:00,6818.0,7242.0,6791.48,7167.0,11383519.0
2019-09-23 07:00:00,7263.0,7468.9702,7154.1001,7383.0,8260102.0
2019-09-30 07:00:00,7351.0,7370.0,6835.0,6998.0,8707760.0
2019-10-07 07:00:00,6979.0,7114.0,6806.0,6916.0,6994783.0
2019-10-14 07:00:00,6915.0,7027.0,6754.0,6772.0,8156951.0
2019-10-21 07:00:00,6765.0,7452.0,6670.0,7383.0,8654751.0
2019-10-28 08:00:00,7413.0,7646.0,7207.0,7465.0,9071682.0
2019-11-04 08:00:00,7462.0,7551.0,7235.0,7277.0,6721344.0
2019-11-11 08:00:00,7313.0,7479.0,7159.0,7248.0,6068117.0
2019-11-18 08:00:00,7302.0,7543.0,7156.687,7418.0,7835284.0
2019-11-25 08:00:00,7439.0,7611.0,7383.0,7458.0,6349493.0
2019-12-02 08:00:00,7451.0,7526.0,7209.0,7258.0,8337188.0
2019-12-09 08:00:00,7263.0,7381.0,7013.0,7217.0,8255826.0
2019-12-16 08:00:00,7235.0,7808.0,7235.0,7808.0,9737502.0
2019-12-23 08:00:00,7771.0,7824.0,7631.29,7745.0,2041880.0
2019-12-30 08:00:00,7734.0,7767.0,7535.0,7700.0,3633059.0
2020-01-06 08:00:00,7669.0,7717.0,7546.0,7645.0,4924403.0
2020-01-13 08:00:00,7640.0,7948.0,7581.0,7878.0,6340275.0
2020-01-20 08:00:00,7906.0,7946.0,7621.0,7659.0,5200095.0
2020-01-27 08:00:00,7550.0,7729.5098,7396.0,7424.0,6391770.0
2020-02-03 08:00:00,7419.0,7753.0,7416.0,7685.0,8618182.0
2020-02-10 08:00:00,7659.0,7820.0,7145.0,7300.0,9231224.0
2020-02-17 08:00:00,7357.0,7773.0,7276.0,7690.0,7860296.0
2020-02-24 08:00:00,7614.0,7677.0,6689.0,6794.0,12843930.0
2020-03-02 08:00:00,7000.0,7592.0,6827.0,7242.0,16795530.0
2020-03-09 08:00:00,6923.0,7199.0,6186.0,6316.0,17786819.0
2020-03-16 08:00:00,6115.0,7278.75,5871.0,6891.0,22502142.0
2020-03-23 08:00:00,6639.0,7119.0,6598.0,6805.0,15412784.0
2020-03-30 07:00:00,6998.0,7240.0,6721.0,7144.0,13237037.0
2020-04-06 07:00:00,7205.0,7326.0,6867.0,7121.0,9150279.0
2020-04-14 07:00:00,7477.0,8027.0,7464.0,7970.0,10598381.0
2020-04-20 07:00:00,7999.0,8232.0,7940.0,8204.0,7926632.0
2020-04-27 07:00:00,8219.0,8635.0,8140.0,8202.0,12040900.0
2020-05-04 07:00:00,8280.0,8850.0,8240.1875,8559.0,7526854.0
2020-05-11 07:00:00,8549.0,9056.0,8522.0,8671.0,9315900.0
2020-05-18 07:00:00,8849.0,9335.0,8672.0,8996.0,10584795.0
2020-05-26 07:00:00,9100.0,9113.0,8256.0,8580.0,12832749.0
2020-06-01 07:00:00,8781.0,8811.0,8359.0537,8427.0,10076279.0
2020-06-08 07:00:00,8260.0,8474.0,8101.0,8201.0,11978072.0
2020-06-15 07:00:00,8134.0,8617.0,8117.0,8489.0,13371012.0
2020-06-22 07:00:00,8492.0,8622.6396,8314.0,8456.0,7817165.0
2020-06-29 07:00:00,8506.0,8650.0,8347.0,8459.0,6705401.0
2020-07-06 07:00:00,8529.0,8667.0,8413.0,8505.0,6046634.0
2020-07-13 07:00:00,8548.0,9255.0,8410.0,9187.0,10050151.0
2020-07-20 07:00:00,9639.0,10120.0,8464.0,8652.0,12261351.0
2020-07-27 07:00:00,8655.0,8923.0,8499.0,8530.0,7917736.0
2020-08-03 07:00:00,8483.0,8767.0,8398.0,8470.0,6591049.0
2020-08-10 07:00:00,8434.0,8736.0,8363.0,8381.0,5983481.0
2020-08-17 07:00:00,8401.0,8644.0,8385.0,8437.0,5948486.0
2020-08-24 07:00:00,8541.0,8798.0,8328.0,8340.0,5237168.0
2020-09-01 07:00:00,8437.0,8464.0,7930.0,7970.0,6382350.0
2020-09-07 07:00:00,8076.0,8454.0,8043.0,8429.0,7589059.0
2020-09-14 07:00:00,8509.0,8805.0,8349.0,8746.0,9025441.0
2020-09-21 07:00:00,8744.0,8848.0,8469.0,8576.0,7848774.0
2020-09-28 07:00:00,8670.0,8699.0,8382.0,8431.0,7074974.0
2020-10-05 07:00:00,8430.0,8494.0,8219.0,8424.0,5438085.0
2020-10-12 07:00:00,8403.0,8500.6074,8020.0,8217.0,6761322.0
2020-10-19 07:00:00,8253.0,8285.0,7791.0,7943.0,5791056.0
2020-10-26 08:00:00,7944.0,8204.0,7766.0,7766.0,7536144.0
2020-11-02 08:00:00,7827.0,8614.0,7767.0,8473.0,8689910.0
2020-11-09 08:00:00,8546.0,8799.0,8161.0,8633.0,9193022.0
2020-11-16 08:00:00,8679.0,8697.0,7874.0,8317.0,10966614.0
2020-11-23 08:00:00,8324.0,8325.0,7644.0,7770.0,15982622.0
2020-11-30 08:00:00,7894.0,7999.0,7704.0,7958.0,12401742.0
2020-12-07 08:00:00,8110.0,8206.0,7939.0,8160.0,8661196.0
2020-12-14 08:00:00,7800.0,7824.0,7410.0,7508.0,20605974.0
2020-12-21 08:00:00,7465.0,7553.0,7196.0,7223.0,6681691.0
2020-12-29 08:00:00,7509.0,7598.0,7269.0,7324.0,6208354.0
2021-01-04 08:00:00,7425.0,7583.0,7366.0,7471.0,12369718.0
2021-01-11 08:00:00,7492.0,7605.21,7380.0,7592.0,10233665.0
2021-01-18 08:00:00,7588.0,7801.6802,7563.0,7777.0,10538864.0
2021-01-25 08:00:00,7867.0,8014.0,7485.0,7491.0,13449979.0
2021-02-01 08:00:00,7485.0,7536.0,7240.0,7275.0,11073346.0
2021-02-08 08:00:00,7251.0,7471.0,7188.0,7471.0,10860432.0
2021-02-15 08:00:00,7470.0,7484.0,7226.0,7226.0,10046623.0
2021-02-22 08:00:00,7257.0,7260.0,6895.0,6945.0,13381032.0
2021-03-01 08:00:00,7025.0,7075.0,6736.0,6858.0,14627789.0
2021-03-08 08:00:00,6927.0,7228.0,6849.0,6951.0,12428207.0
2021-03-15 08:00:00,6951.0,7279.0,6899.7949,7110.0,13937707.0
2021-03-22 08:00:00,7160.0,7344.0,7088.0,7271.0,10883886.0
2021-03-29 07:00:00,7300.0,7408.0,7147.7402,7172.0,7793344.0
2021-04-06 07:00:00,7135.0,7348.0,7045.0,7287.0,9142512.0
2021-04-12 07:00:00,7260.0,7449.0,7146.0,7380.0,10654707.0
2021-04-19 07:00:00,7348.0,7727.0,7301.0,7564.0,12815065.0
2021-04-26 07:00:00,7542.0,7867.0,7392.0,7715.0,10672843.0
2021-05-04 07:00:00,7828.0,7830.0,7607.0,7735.0,7077760.0
2021-05-10 07:00:00,7690.0,7882.5601,7556.0,7864.0,8482196.0
2021-05-17 07:00:00,7855.0,8146.0,7842.8223,8135.0,9565203.0
2021-05-24 07:00:00,8135.0,8173.0,7925.0,8046.0,14106767.0
2021-06-01 07:00:00,8095.0,8107.0,7870.0,8055.0,6381004.0
2021-06-07 07:00:00,8029.0,8424.0,7924.0,8340.0,9927090.0
2021-06-14 07:00:00,8354.0,8438.0,8279.0,8384.0,9806098.0
2021-06-21 07:00:00,8364.0,8512.0,8263.0,8499.0,8317508.0
2021-06-28 07:00:00,8514.0,8811.0,8476.0,8779.0,7869101.0
2021-07-05 07:00:00,8751.0,8778.0,8534.0,8648.0,8088406.0
2021-07-12 07:00:00,8627.0,8777.0,8174.9434,8340.0,11572158.0
2021-07-19 07:00:00,8283.0,8674.0,8190.0,8480.0,40579197.0
2021-07-26 07:00:00,8489.0,8493.0,8142.0,8268.0,11072427.0
2021-08-02 07:00:00,8271.0,8383.0,8141.0,8157.0,7962413.0
2021-08-09 07:00:00,8203.0,8433.0,8105.0,8426.0,8768167.0
2021-08-16 07:00:00,8426.0,8759.0,8380.0,8731.0,12952378.0
2021-08-23 07:00:00,8760.0,8774.0,8447.0,8565.0,5838792.0
2021-08-31 07:00:00,8526.0,8669.0,8475.0,8509.0,5893827.0
2021-09-06 07:00:00,8552.0,8666.0,8135.0,8173.0,7558446.0
2021-09-13 07:00:00,8195.0,8265.0,8029.0,8063.0,9014603.0
2021-09-20 07:00:00,8218.0,8982.0,8150.0,8845.0,14479715.0
2021-09-27 07:00:00,8869.0,8998.0,8445.0,8773.0,13780590.0
2021-10-04 07:00:00,8748.0,8972.0,8616.0,8889.0,7151388.0
2021-10-11 07:00:00,8924.1602,9081.0,8685.0,8795.0,7378231.0
2021-10-18 07:00:00,8707.0,9029.0,8607.0,8996.0,5417747.0
2021-10-25 07:00:00,9011.0,9149.0,8910.0,9094.0,5914119.0
2021-11-01 08:00:00,9177.0,9523.0,9073.0,9309.0,7540371.0
2021-11-08 08:00:00,9331.0,9458.0,8759.0,8801.0,9588078.0
2021-11-15 08:00:00,8958.0,9036.0,8329.0,8479.0,13037557.0
2021-11-22 08:00:00,8483.0,8572.0,8344.0,8411.0,7577144.0
2021-11-29 08:00:00,8386.0,8437.0,8098.0,8191.0,11417914.0
2021-12-06 08:00:00,8212.0,8431.0,8090.3198,8193.0,8748145.0
2021-12-13 08:00:00,8151.0,8576.0,8108.3242,8513.0,11637234.0
2021-12-20 08:00:00,8453.0,8676.0,8349.0,8611.0,6698502.0
2021-12-29 08:00:00,8657.0,8720.0,8588.0,8678.0,2400899.0
2022-01-04 08:00:00,8626.0,8660.0,8271.0,8399.0,6589301.0
2022-01-10 08:00:00,8409.0,8585.0,8313.0,8544.0,6654046.0
2022-01-17 08:00:00,8580.0,8892.0,8557.0,8752.0,9692429.0
2022-01-24 08:00:00,8707.0,8897.0,8254.0,8767.0,12586288.0
2022-01-31 08:00:00,8753.0,8769.0,8259.0,8282.0,10151334.0
2022-02-07 08:00:00,8237.0,8801.0,8214.0,8510.0,15578213.0
2022-02-14 08:00:00,8447.0,8987.0,8287.0,8801.0,10396969.0
2022-02-21 08:00:00,8936.0,9175.0,8561.0,8995.0,13160821.0
2022-02-28 08:00:00,8900.0,9358.0,8675.0,8679.0,15470545.0
2022-03-07 08:00:00,8493.0,9384.0,8326.0,9275.0,13715542.0
2022-03-14 08:00:00,9258.0,9650.0,9171.0,9536.0,16840747.0
2022-03-21 08:00:00,9487.0,9934.0,9482.0,9843.0,9997298.0
2022-03-28 07:00:00,9860.0,10262.0,9840.0,10076.0,9688207.0
2022-04-04 07:00:00,10178.0,11000.0,10078.322,10930.0,11192743.0
2022-04-11 07:00:00,10888.0,10950.0,10392.0,10536.0,8431099.0
2022-04-19 07:00:00,10478.0,10606.0,10260.0,10280.0,11419597.0
2022-04-25 07:00:00,10144.0,10762.0,10090.0,10688.0,13143747.0
2022-05-03 07:00:00,10498.0,10792.0,10222.0,10322.0,8073839.0
2022-05-09 07:00:00,10372.0,10462.472,9764.0,10286.0,12820702.0
2022-05-16 07:00:00,10178.0,10578.0,10088.0,10494.0,9983704.0
2022-05-23 07:00:00,10564.0,10666.0,10454.0,10580.0,9608355.0
2022-05-30 07:00:00,10654.0,10676.0,10382.0,10442.0,6561241.0
2022-06-06 07:00:00,10400.0,10500.0,9772.0,9851.0,11408829.0
2022-06-13 07:00:00,9831.0,9952.3184,9399.0,9924.0,14884552.0
2022-06-20 07:00:00,9929.0,10792.0,9929.0,10776.0,7812032.0
2022-06-27 07:00:00,10714.0,11054.0,10568.0,10754.0,9326018.0
2022-07-04 07:00:00,10808.0,11170.0,10668.0,11044.0,8050197.0
2022-07-11 07:00:00,11000.0,11238.0,10724.0,11110.0,12219654.0
2022-07-18 07:00:00,11200.0,11289.62,10596.0,10766.0,8243591.0
2022-07-25 07:00:00,10766.0,11044.0,10532.0,10844.0,10295775.0
2022-08-01 07:00:00,10686.0,10916.0,10558.0,10866.0,9161134.0
2022-08-08 07:00:00,10890.0,10916.0,10430.2,10712.0,6273869.0
2022-08-15 07:00:00,10830.0,11294.0,10806.0,11250.0,5830120.0
2022-08-22 07:00:00,11306.0,11540.0,11050.0,11364.0,5766446.0
2022-08-30 07:00:00,11110.0,11286.0,10512.0,10618.0,8438125.0
2022-09-05 07:00:00,10554.0,10662.0,10206.0,10500.0,7190087.0
2022-09-12 07:00:00,10528.0,10624.0,10094.0,10122.0,14247223.0
2022-09-20 07:00:00,10190.0,10256.0,9784.0,10016.0,6209260.0
2022-09-26 07:00:00,10146.0,10222.665,9795.5869,9944.0,14201316.0
2022-10-03 07:00:00,9806.0,10048.0,9667.0,10030.0,10015185.0
2022-10-10 07:00:00,9910.0,10084.0,9630.0,9818.0,9522376.0
2022-10-17 07:00:00,9867.0,10018.0,9499.2139,9720.0,6730464.0
2022-10-24 07:00:00,9594.0,10134.0,9594.0,10124.0,6364435.0
2022-10-31 08:00:00,10130.0,10802.0,10034.0,10742.0,6778929.0
2022-11-07 08:00:00,10780.0,11352.0,10576.0,10598.0,9104237.0
2022-11-14 08:00:00,10576.0,11010.0,10542.0,10920.0,8238099.0
2022-11-21 08:00:00,10954.0,11130.356,10869.35,10954.0,4416664.0
2022-11-28 08:00:00,11000.0,11230.0,10876.0,11178.0,7504672.0
2022-12-05 08:00:00,11186.0,11413.315,11150.0,11354.0,8690192.0
2022-12-12 08:00:00,11314.0,11414.0,11062.0,11156.0,11907208.0
2022-12-19 08:00:00,11170.0,11368.0,11044.0,11238.0,4766819.0
2022-12-28 08:00:00,11264.0,11356.0,11166.0,11218.0,2081255.0
2023-01-03 08:00:00,11318.0,11808.0,11254.0,11782.0,7885315.0
2023-01-09 08:00:00,11694.0,11886.0,11312.0,11656.0,15515530.0
2023-01-16 08:00:00,11662.0,11708.0,11136.0,11200.0,8883923.0
2023-01-23 08:00:00,11144.0,11198.0,10557.1,10622.0,7301210.0
2023-01-30 08:00:00,10560.0,10760.0,10184.918,10578.0,11746088.0
2023-02-06 08:00:00,10454.0,11392.0,10406.0,11390.0,16820587.0
2023-02-13 08:00:00,11376.0,11626.0,11296.0,11486.0,9595856.0
2023-02-20 08:00:00,11500.0,11680.0,11096.0,11100.0,6795663.0
2023-02-27 08:00:00,11036.0,11162.0,10752.0,10784.0,7546900.0
2023-03-06 08:00:00,10818.0,10994.0,10590.0,10698.0,10476349.0
2023-03-13 08:00:00,10698.0,10922.0,10558.0,10814.0,12287257.0
2023-03-20 08:00:00,10762.0,11094.0,10654.0,11080.0,5872199.0
2023-03-27 07:00:00,11130.0,11328.0,11096.0,11232.0,6479689.0
2023-04-03 07:00:00,11260.0,11734.6,11172.0,11700.0,5733915.0
2023-04-11 07:00:00,11738.0,11990.0,11574.0,11892.0,9428887.0
2023-04-17 07:00:00,11878.0,12392.0,11820.0,12186.0,6906083.0
2023-04-24 07:00:00,12152.0,12348.0,11640.0,11746.0,8189883.0
2023-05-02 07:00:00,11726.0,11922.0,11652.0,11922.0,4103796.0
2023-05-09 07:00:00,11956.0,12090.0,11752.0,12010.0,5586060.0
2023-05-15 07:00:00,12050.0,12184.0,11866.0,12010.0,4824198.0
2023-05-22 07:00:00,12064.0,12186.0,11590.0,11784.0,5612563.0
2023-05-30 07:00:00,11780.0,11840.0,11464.0,11748.0,8336806.0
2023-06-05 07:00:00,11722.0,11934.0,11653.28,11712.0,5068486.0
2023-06-12 07:00:00,11846.0,11878.0,11478.0,11788.0,12640213.0
2023-06-19 07:00:00,11726.0,11776.0,11344.0,11422.0,4657515.0
2023-06-26 07:00:00,11378.0,11450.0,11136.0,11276.0,7053244.0
2023-07-03 07:00:00,10938.0,11044.0,10078.0,10110.0,13254234.0
2023-07-10 07:00:00,10150.0,10554.0,10020.0,10324.0,8835141.0
2023-07-17 07:00:00,10300.0,10798.0,10196.0,10770.0,8234811.0
2023-07-24 07:00:00,10800.0,11264.0,10578.0,11058.0,12498689.0
2023-07-31 07:00:00,11028.0,11254.0,10778.0,10910.0,8766583.0
2023-08-07 07:00:00,10894.0,11212.0,10804.0,11030.0,9076461.0
2023-08-14 07:00:00,11082.0,11126.0,10580.0,10658.0,6015597.0
2023-08-21 07:00:00,10678.0,10846.0,10612.0,10660.0,8051148.0
2023-08-29 07:00:00,10850.0,10900.0,10584.0,10700.0,5696848.0
2023-09-04 07:00:00,10744.0,10884.0,10544.0,10846.0,4583023.0
2023-09-11 07:00:00,10846.0,11006.0,10366.0,10940.0,9999642.0
2023-09-18 07:00:00,10942.0,11190.0,10539.398,11046.0,11003702.0
2023-09-25 07:00:00,11138.0,11310.0,10878.0,11102.0,7439043.0
2023-10-02 07:00:00,11188.0,11188.0,10790.0,10942.0,7194941.0
2023-10-09 07:00:00,10908.0,11176.0,10784.0,10974.0,8505329.0
2023-10-16 07:00:00,10928.0,11304.0,10364.0,10430.0,8464174.0
2023-10-23 07:00:00,10464.0,10566.0,10062.0,10124.0,9202696.0
2023-10-30 08:00:00,10140.0,10440.0,10088.0,10270.0,11064644.0
2023-11-06 08:00:00,10248.0,10600.0,10026.0,10090.0,9387239.0
2023-11-13 08:00:00,10182.0,10332.0,10012.0,10260.0,6638118.0
2023-11-20 08:00:00,10132.0,10264.0,9983.0,10180.0,5087505.0
2023-11-27 08:00:00,10236.0,10304.0,9778.0,10198.0,13374445.0
2023-12-04 08:00:00,10138.0,10328.0,10026.0,10122.0,6437335.0
2023-12-11 08:00:00,10096.0,10690.0,9949.0,10186.0,15155700.0
2023-12-18 08:00:00,10270.0,10560.0,10124.0,10436.0,8713595.0
2023-12-27 08:00:00,10472.0,10712.0,10306.0,10600.0,1783194.0
2024-01-02 08:00:00,10632.0,10902.0,10534.0,10758.0,6582110.0
2024-01-08 08:00:00,10716.0,11022.0,10676.0,10862.0,6290911.0
2024-01-15 08:00:00,10900.0,10900.0,10342.0,10508.0,13349373.0
2024-01-22 08:00:00,10468.0,10904.0,10362.0,10546.0,11732042.0
2024-01-29 08:00:00,10550.0,10682.0,10360.0,10360.0,9376954.0
2024-02-05 08:00:00,10360.0,10652.0,9700.0,9761.0,14439170.0
2024-02-12 08:00:00,9700.0,10112.0,9461.0,10094.0,13425631.0
2024-02-19 08:00:00,10338.0,10498.0,9822.0,10220.0,15262740.0
2024-02-26 08:00:00,10222.0,10360.0,9982.002,10080.0,15197192.0
2024-03-04 08:00:00,10108.0,10258.0,10000.725,10196.0,7541715.0
2024-03-11 08:00:00,10198.0,10534.0,10198.0,10294.0,20235964.0
2024-03-18 08:00:00,10340.0,10548.0,10154.0,10482.0,8486259.0
2024-03-25 08:00:00,10434.0,10780.0,10314.0,10678.0,6058777.0
2024-04-02 07:00:00,10810.0,10844.0,10417.612,10620.0,6342155.0
2024-04-08 07:00:00,10588.0,11184.02,10504.0,11064.0,7644654.0
2024-04-15 07:00:00,11030.0,11080.0,10764.0,10946.0,7147607.0
2024-04-22 07:00:00,11034.0,12144.0,11004.0,11988.0,13784046.0
2024-04-29 07:00:00,12170.0,12488.0,11886.0,12050.0,10715361.0
2024-05-07 07:00:00,11976.0,12442.0,11966.0,12370.0,7318463.0
2024-05-13 07:00:00,12252.0,12428.0,12068.0,12110.0,14648229.0
2024-05-20 07:00:00,12090.0,12450.0,12014.0,12296.0,8001020.0
2024-05-28 07:00:00,12226.0,12266.0,11858.0,12190.0,9654363.0
2024-06-03 07:00:00,12304.0,12704.0,12088.0,12556.0,9832880.0
2024-06-10 07:00:00,12632.0,12696.0,12300.0,12510.0,9601669.0
2024-06-17 07:00:00,12556.0,12562.0,12164.0,12472.0,11223401.0
2024-06-24 07:00:00,12388.0,12704.0,12304.0,12356.0,9941313.0
2024-07-01 07:00:00,12368.0,12446.0,11946.0,12056.0,6561500.0
2024-07-08 07:00:00,12028.0,12304.0,11872.0,12260.0,4904120.0
2024-07-15 07:00:00,12208.0,12394.0,11924.0,12106.0,5415083.0
2024-07-22 07:00:00,12234.0,12386.0,11540.0,12180.0,9794493.0
2024-07-29 07:00:00,12134.0,12792.0,12030.16,12610.0,8923504.0
2024-08-05 07:00:00,12570.0,12724.0,12198.0,12700.0,7843440.0
2024-08-12 07:00:00,12690.0,13218.0,12638.0,13046.0,8355744.0
2024-08-19 07:00:00,12980.0,13198.0,12936.0,13076.0,9018688.0
2024-08-27 07:00:00,13166.0,13330.0,13050.0,13274.0,7879324.0
2024-09-02 07:00:00,13196.0,13388.0,12540.0,12650.0,8376793.0
2024-09-09 07:00:00,12688.0,12712.0,11712.0,11928.0,10274865.0
2024-09-16 07:00:00,12000.0,12110.0,11760.0,11780.0,12327184.0
2024-09-23 07:00:00,11680.0,11756.0,11442.0,11654.0,12442324.0
2024-09-30 07:00:00,11620.0,12082.0,11564.0,11738.0,11160126.0
2024-10-07 07:00:00,11768.0,11846.0,11676.0,11764.0,7645851.0
2024-10-14 07:00:00,11804.0,12098.0,11789.88,11946.0,7506492.0
2024-10-21 07:00:00,11990.0,12204.0,11560.0,11606.0,7016220.0
2024-10-28 08:00:00,11604.0,11714.0,10898.0,11022.0,11952756.0
2024-11-04 08:00:00,11016.0,11342.0,9670.0,9903.0,25528288.0
2024-11-11 08:00:00,9965.0,10308.0,9746.0,9978.0,13930201.0
2024-11-18 08:00:00,9920.0,10548.0,9844.0,10474.0,20087534.0
2024-11-25 08:00:00,10484.0,10654.0,10404.0,10612.0,12858693.0
2024-12-02 08:00:00,10452.0,10804.0,10416.0,10654.0,14055537.0
2024-12-09 08:00:00,10694.0,10736.0,10435.426,10468.0,10226579.0
2024-12-16 08:00:00,10520.0,10606.0,10084.0,10256.0,12856692.0
2024-12-23 08:00:00,10308.0,10498.0,10304.0,10460.0,4462194.0
2024-12-30 08:00:00,10450.0,10786.0,10314.0,10594.0,6641784.0
2025-01-06 08:00:00,10552.0,11008.0,10496.0,10982.0,12197338.0
2025-01-13 08:00:00,10900.0,11122.0,10577.478,10938.0,13408509.0
2025-01-20 08:00:00,10942.0,11156.0,10790.0,11050.0,8317120.0
2025-01-27 08:00:00,11070.0,11438.0,11028.0,11344.0,14972490.0
2025-02-03 08:00:00,11248.0,11978.0,10942.0,11600.0,14183906.0
2025-02-10 08:00:00,11584.0,12060.0,11526.0,11708.0,20749315.0
2025-02-17 08:00:00,11682.0,11844.0,11442.0,11708.0,8131787.0
2025-02-24 08:00:00,11724.0,12208.0,11704.0,11968.0,19055820.0
2025-03-03 08:00:00,11970.0,12144.0,11866.0,12072.0,17594889.0
2025-03-10 08:00:00,11914.0,12020.0,11468.0,11994.0,11590621.0
2025-03-17 08:00:00,12090.0,12090.0,11607.536,11608.0,9861326.0
2025-03-24 08:00:00,11608.0,11632.0,11110.0,11416.0,7698117.0
2025-03-31 07:00:00,11332.0,11552.0,10808.0,10808.0,8092060.0
2025-04-07 07:00:00,10500.0,10500.0,9573.505,10008.0,21633721.0
2025-04-14 07:00:00,10190.0,10336.0,10048.0,10124.0,10208793.0
2025-04-22 07:00:00,10122.0,10502.0,9845.0,10400.0,13208773.0
2025-04-28 07:00:00,10416.0,10892.0,9974.0,10754.0,12092479.0
2025-05-06 07:00:00,10890.0,10902.0,10100.0,10240.0,11515316.0
2025-05-12 07:00:00,9743.0,10394.0,9651.0,10330.0,13840121.0
2025-05-19 07:00:00,10324.0,10556.0,10212.0,10436.0,12254653.0
2025-05-27 07:00:00,10490.0,10720.429,10364.0,10720.0,9555562.0
2025-06-02 07:00:00,10806.0,10832.0,10504.0,10782.0,10046412.0
2025-06-09 07:00:00,10788.0,11086.0,10696.0,10986.0,5949039.0
2025-06-16 07:00:00,10906.0,10978.0,10378.0,10392.0,11143773.0
2025-06-23 07:00:00,10324.0,10606.0,10144.0,10224.0,12819494.0
2025-06-30 07:00:00,10216.0,10468.0,10103.0,10336.0,7372231.0
2025-07-07 07:00:00,10360.0,10678.0,10148.0,10450.0,8225464.0
2025-07-14 07:00:00,10554.0,10762.0,10234.0,10294.0,6840933.0
2025-07-21 07:00:00,10242.0,11000.0,10178.0,10802.0,14537683.0
2025-07-28 07:00:00,10960.0,11554.0,10699.3697,11104.0,20540289.0
2025-08-04 07:00:00,11108.0,11274.0,10810.0,10922.0,14935076.0
2025-08-11 07:00:00,10992.0,11654.0,10986.0,11592.0,10839902.0
2025-08-18 07:00:00,11696.0,12126.0,11642.0,11968.0,12210912.0
2025-08-26 07:00:00,11876.0,12086.2473,11770.0,11790.0,6237584.0
2025-09-01 07:00:00,11888.0,12256.0,11764.0,12090.0,7456923.0
2025-09-08 07:00:00,12130.0,12130.0,11772.0,11794.0,5926377.0
2025-09-15 07:00:00,11656.0,11690.0,11224.0,11304.0,15063662.0
2025-09-22 07:00:00,11282.0,11514.0,10784.0,11000.0,7244164.0
2025-09-29 07:00:00,11050.0,12750.0,10922.0,12650.0,13389418.0
2025-10-06 07:00:00,12716.0,12972.0,12676.0,12782.0,13760271.0
2025-10-13 07:00:00,12830.0,12908.5489,12358.0,12558.0,8441008.0
2025-10-20 07:00:00,12668.0,12712.0,12382.0,12532.0,9992510.0
2025-10-27 08:00:00,12530.0,12708.0,12364.0,12470.0,6057395.0
2025-11-03 08:00:00,12546.0,12994.0,12240.0,12900.0,10790358.0
2025-11-10 08:00:00,12904.0,13574.0,12840.0,13532.0,10012336.0
2025-11-17 08:00:00,13530.0,13884.0,13465.769,13650.0,6032348.0
2025-11-24 08:00:00,13932.0,14206.0,13820.0,13974.0,9778571.0
2025-12-01 08:00:00,13966.0,14092.0,13452.0,13592.0,8780860.0
2025-12-08 08:00:00,13580.0,13848.0,13362.0,13444.0,10042052.0
2025-12-15 08:00:00,13412.0,13836.0,13376.0,13672.0,23181992.0
2025-12-22 08:00:00,13592.0,13806.0,13476.0,13674.0,3344991.0
2025-12-29 08:00:00,13736.0,13916.0,13592.0,13592.0,6715608.0
2026-01-05 08:00:00,13644.0,14330.0,13278.0,14216.0,9601310.0
2026-01-12 08:00:00,14036.0,14408.0,13804.0,14052.0,14732305.0
2026-01-19 08:00:00,13994.0,14188.0,13268.0,13580.0,10604953.0
2026-01-26 08:00:00,13642.0,13986.0,13326.0,13600.0,9620143.0
2026-02-02 08:00:00,13532.0,14112.0,13444.0,14104.0,8966984.0
2026-02-09 08:00:00,14184.0,15186.0,13748.0,15118.0,18528822.0
2026-02-16 08:00:00,15186.0,15730.0,14944.0,15270.0,15548416.0
2026-02-23 08:00:00,15188.0,15554.0,15002.0,15542.0,18297459.0
2026-03-02 08:00:00,15180.0,15466.0,14440.0,14500.0,14610015.0
2026-03-09 08:00:00,14048.0,14790.0,14015.9123,14380.0,15330715.0
2026-03-16 08:00:00,14340.0,14572.0,13884.0,13896.0,16092979.0
2026-03-23 08:00:00,13694.0,13958.0,13480.0,13924.0,3567879.0
